id,server_id,display_name,opc_node_id,node_id,sampling_interval,publishing_interval,queue_size,discard_oldest,data_change_trigger,deadband_type,deadband_value,active,historizing,readfrom,readtype,agentid,routeid,targetid,group_id,topic,tag,partition,json,eu_range,store_expanded_values,member_filters
1134,10,Byte,ns=2;s=Demo.Dynamic.Scalar.Byte,0,1000,1000,2,1,0,0,0.0,1,0,0,0,0,0,0,1,,,0,,0.0,1,
1135,10,Boolean,ns=2;s=Demo.Dynamic.Scalar.Boolean,0,1000,1000,2,1,0,0,0.0,1,0,0,0,0,0,0,1,,,0,,0.0,1,
1136,10,Double,ns=2;s=Demo.Dynamic.Scalar.Double,0,1000,1000,2,1,0,0,0.0,1,0,0,0,0,0,0,1,,,0,,0.0,1,
1137,10,Float,ns=2;s=Demo.Dynamic.Scalar.Float,0,1000,1000,2,1,0,0,0.0,1,0,0,0,0,0,0,1,,,0,,0.0,1,
1138,5,RandomInt32,ns=2;s=Dynamic/RandomInt32,0,1000,1000,2,1,0,0,0.0,1,0,0,0,0,0,0,1,,,0,,0.0,1,
1139,5,RandomInt64,ns=2;s=Dynamic/RandomInt64,0,1000,1000,2,1,0,0,0.0,1,0,0,0,0,0,0,1,,,0,,0.0,1,
1140,5,RandomFloat,ns=2;s=Dynamic/RandomFloat,0,1000,1000,2,1,0,0,0.0,1,0,0,0,0,0,0,1,,,0,,0.0,1,
1141,5,RandomDouble,ns=2;s=Dynamic/RandomDouble,0,1000,1000,2,1,0,0,0.0,1,0,0,0,0,0,0,1,,,0,,0.0,1,
1142,4,CurrentTime,i=2258,0,1000,1000,2,1,0,0,0.0,1,0,0,0,0,0,0,1,,,0,,0.0,1,
1143,4,Uuid,ns=3;i=187188126,0,1000,1000,2,1,0,0,0.0,1,0,0,0,0,0,0,1,,,0,,0.0,1,
1144,4,Name,ns=3;i=2891227697,0,1000,1000,2,1,0,0,0.0,1,0,0,0,0,0,0,1,,,0,,0.0,1,
1145,4,XmlId,ns=3;i=502753009,0,1000,1000,2,1,0,0,0.0,1,0,0,0,0,0,0,1,,,0,,0.0,1,
1146,5,000,ns=2;i=0,0,1000,1000,2,1,0,0,0.0,1,0,0,0,0,0,0,1,,,0,,0.0,1,
1147,5,001,ns=2;i=1,0,1000,1000,2,1,0,0,0.0,1,0,0,0,0,0,0,1,,,0,,0.0,1,
1148,5,002,ns=2;i=2,0,1000,1000,2,1,0,0,0.0,1,0,0,0,0,0,0,1,,,0,,0.0,1,
1149,5,003,ns=2;i=3,0,1000,1000,2,1,0,0,0.0,1,0,0,0,0,0,0,1,,,0,,0.0,1,
1150,5,004,ns=2;i=4,0,1000,1000,2,1,0,0,0.0,1,0,0,0,0,0,0,1,,,0,,0.0,1,
1151,5,005,ns=2;i=5,0,1000,1000,2,1,0,0,0.0,1,0,0,0,0,0,0,1,,,0,,0.0,1,
1152,5,006,ns=2;i=6,0,1000,1000,2,1,0,0,0.0,1,0,0,0,0,0,0,1,,,0,,0.0,1,
1153,5,007,ns=2;i=7,0,1000,1000,2,1,0,0,0.0,1,0,0,0,0,0,0,1,,,0,,0.0,1,
1154,5,008,ns=2;i=8,0,1000,1000,2,1,0,0,0.0,1,0,0,0,0,0,0,1,,,0,,0.0,1,
1155,5,009,ns=2;i=9,0,1000,1000,2,1,0,0,0.0,1,0,0,0,0,0,0,1,,,0,,0.0,1,
1156,5,010,ns=2;i=10,0,1000,1000,2,1,0,0,0.0,1,0,0,0,0,0,0,1,,,0,,0.0,1,
1157,5,011,ns=2;i=11,0,1000,1000,2,1,0,0,0.0,1,0,0,0,0,0,0,1,,,0,,0.0,1,
1158,5,012,ns=2;i=12,0,1000,1000,2,1,0,0,0.0,1,0,0,0,0,0,0,1,,,0,,0.0,1,
1159,5,013,ns=2;i=13,0,1000,1000,2,1,0,0,0.0,1,0,0,0,0,0,0,1,,,0,,0.0,1,
1160,5,014,ns=2;i=14,0,1000,1000,2,1,0,0,0.0,1,0,0,0,0,0,0,1,,,0,,0.0,1,
1161,5,015,ns=2;i=15,0,1000,1000,2,1,0,0,0.0,1,0,0,0,0,0,0,1,,,0,,0.0,1,
1162,5,016,ns=2;i=16,0,1000,1000,2,1,0,0,0.0,1,0,0,0,0,0,0,1,,,0,,0.0,1,
1163,5,017,ns=2;i=17,0,1000,1000,2,1,0,0,0.0,1,0,0,0,0,0,0,1,,,0,,0.0,1,
1164,5,018,ns=2;i=18,0,1000,1000,2,1,0,0,0.0,1,0,0,0,0,0,0,1,,,0,,0.0,1,
1165,5,019,ns=2;i=19,0,1000,1000,2,1,0,0,0.0,1,0,0,0,0,0,0,1,,,0,,0.0,1,
1166,5,020,ns=2;i=20,0,1000,1000,2,1,0,0,0.0,1,0,0,0,0,0,0,1,,,0,,0.0,1,
1167,5,021,ns=2;i=21,0,1000,1000,2,1,0,0,0.0,1,0,0,0,0,0,0,1,,,0,,0.0,1,
1168,5,022,ns=2;i=22,0,1000,1000,2,1,0,0,0.0,1,0,0,0,0,0,0,1,,,0,,0.0,1,
1169,5,023,ns=2;i=23,0,1000,1000,2,1,0,0,0.0,1,0,0,0,0,0,0,1,,,0,,0.0,1,
1170,5,024,ns=2;i=24,0,1000,1000,2,1,0,0,0.0,1,0,0,0,0,0,0,1,,,0,,0.0,1,
1171,5,025,ns=2;i=25,0,1000,1000,2,1,0,0,0.0,1,0,0,0,0,0,0,1,,,0,,0.0,1,
1172,5,026,ns=2;i=26,0,1000,1000,2,1,0,0,0.0,1,0,0,0,0,0,0,1,,,0,,0.0,1,
1173,5,027,ns=2;i=27,0,1000,1000,2,1,0,0,0.0,1,0,0,0,0,0,0,1,,,0,,0.0,1,
1174,5,028,ns=2;i=28,0,1000,1000,2,1,0,0,0.0,1,0,0,0,0,0,0,1,,,0,,0.0,1,
1175,5,029,ns=2;i=29,0,1000,1000,2,1,0,0,0.0,1,0,0,0,0,0,0,1,,,0,,0.0,1,
1176,5,030,ns=2;i=30,0,1000,1000,2,1,0,0,0.0,1,0,0,0,0,0,0,1,,,0,,0.0,1,
1177,5,031,ns=2;i=31,0,1000,1000,2,1,0,0,0.0,1,0,0,0,0,0,0,1,,,0,,0.0,1,
1178,5,032,ns=2;i=32,0,1000,1000,2,1,0,0,0.0,1,0,0,0,0,0,0,1,,,0,,0.0,1,
1179,5,033,ns=2;i=33,0,1000,1000,2,1,0,0,0.0,1,0,0,0,0,0,0,1,,,0,,0.0,1,
1180,5,034,ns=2;i=34,0,1000,1000,2,1,0,0,0.0,1,0,0,0,0,0,0,1,,,0,,0.0,1,
1181,5,035,ns=2;i=35,0,1000,1000,2,1,0,0,0.0,1,0,0,0,0,0,0,1,,,0,,0.0,1,
1182,5,036,ns=2;i=36,0,1000,1000,2,1,0,0,0.0,1,0,0,0,0,0,0,1,,,0,,0.0,1,
1183,5,037,ns=2;i=37,0,1000,1000,2,1,0,0,0.0,1,0,0,0,0,0,0,1,,,0,,0.0,1,
1184,5,038,ns=2;i=38,0,1000,1000,2,1,0,0,0.0,1,0,0,0,0,0,0,1,,,0,,0.0,1,
1185,5,039,ns=2;i=39,0,1000,1000,2,1,0,0,0.0,1,0,0,0,0,0,0,1,,,0,,0.0,1,
1186,5,040,ns=2;i=40,0,1000,1000,2,1,0,0,0.0,1,0,0,0,0,0,0,1,,,0,,0.0,1,
1187,5,041,ns=2;i=41,0,1000,1000,2,1,0,0,0.0,1,0,0,0,0,0,0,1,,,0,,0.0,1,
1188,5,042,ns=2;i=42,0,1000,1000,2,1,0,0,0.0,1,0,0,0,0,0,0,1,,,0,,0.0,1,
1189,5,043,ns=2;i=43,0,1000,1000,2,1,0,0,0.0,1,0,0,0,0,0,0,1,,,0,,0.0,1,
1190,5,044,ns=2;i=44,0,1000,1000,2,1,0,0,0.0,1,0,0,0,0,0,0,1,,,0,,0.0,1,
1191,5,045,ns=2;i=45,0,1000,1000,2,1,0,0,0.0,1,0,0,0,0,0,0,1,,,0,,0.0,1,
1192,5,046,ns=2;i=46,0,1000,1000,2,1,0,0,0.0,1,0,0,0,0,0,0,1,,,0,,0.0,1,
1193,5,047,ns=2;i=47,0,1000,1000,2,1,0,0,0.0,1,0,0,0,0,0,0,1,,,0,,0.0,1,
1194,5,048,ns=2;i=48,0,1000,1000,2,1,0,0,0.0,1,0,0,0,0,0,0,1,,,0,,0.0,1,
1195,5,049,ns=2;i=49,0,1000,1000,2,1,0,0,0.0,1,0,0,0,0,0,0,1,,,0,,0.0,1,
1196,5,050,ns=2;i=50,0,1000,1000,2,1,0,0,0.0,1,0,0,0,0,0,0,1,,,0,,0.0,1,
1197,5,051,ns=2;i=51,0,1000,1000,2,1,0,0,0.0,1,0,0,0,0,0,0,1,,,0,,0.0,1,
1198,5,052,ns=2;i=52,0,1000,1000,2,1,0,0,0.0,1,0,0,0,0,0,0,1,,,0,,0.0,1,
1199,5,053,ns=2;i=53,0,1000,1000,2,1,0,0,0.0,1,0,0,0,0,0,0,1,,,0,,0.0,1,
1200,5,054,ns=2;i=54,0,1000,1000,2,1,0,0,0.0,1,0,0,0,0,0,0,1,,,0,,0.0,1,
1201,5,055,ns=2;i=55,0,1000,1000,2,1,0,0,0.0,1,0,0,0,0,0,0,1,,,0,,0.0,1,
1202,5,056,ns=2;i=56,0,1000,1000,2,1,0,0,0.0,1,0,0,0,0,0,0,1,,,0,,0.0,1,
1203,5,057,ns=2;i=57,0,1000,1000,2,1,0,0,0.0,1,0,0,0,0,0,0,1,,,0,,0.0,1,
1204,5,058,ns=2;i=58,0,1000,1000,2,1,0,0,0.0,1,0,0,0,0,0,0,1,,,0,,0.0,1,
1205,5,059,ns=2;i=59,0,1000,1000,2,1,0,0,0.0,1,0,0,0,0,0,0,1,,,0,,0.0,1,
1206,5,060,ns=2;i=60,0,1000,1000,2,1,0,0,0.0,1,0,0,0,0,0,0,1,,,0,,0.0,1,
1207,5,061,ns=2;i=61,0,1000,1000,2,1,0,0,0.0,1,0,0,0,0,0,0,1,,,0,,0.0,1,
1208,5,062,ns=2;i=62,0,1000,1000,2,1,0,0,0.0,1,0,0,0,0,0,0,1,,,0,,0.0,1,
1209,5,063,ns=2;i=63,0,1000,1000,2,1,0,0,0.0,1,0,0,0,0,0,0,1,,,0,,0.0,1,
1210,5,064,ns=2;i=64,0,1000,1000,2,1,0,0,0.0,1,0,0,0,0,0,0,1,,,0,,0.0,1,
1211,5,065,ns=2;i=65,0,1000,1000,2,1,0,0,0.0,1,0,0,0,0,0,0,1,,,0,,0.0,1,
1212,5,066,ns=2;i=66,0,1000,1000,2,1,0,0,0.0,1,0,0,0,0,0,0,1,,,0,,0.0,1,
1213,5,067,ns=2;i=67,0,1000,1000,2,1,0,0,0.0,1,0,0,0,0,0,0,1,,,0,,0.0,1,
1214,5,068,ns=2;i=68,0,1000,1000,2,1,0,0,0.0,1,0,0,0,0,0,0,1,,,0,,0.0,1,
1215,5,069,ns=2;i=69,0,1000,1000,2,1,0,0,0.0,1,0,0,0,0,0,0,1,,,0,,0.0,1,
1216,5,070,ns=2;i=70,0,1000,1000,2,1,0,0,0.0,1,0,0,0,0,0,0,1,,,0,,0.0,1,
1217,5,071,ns=2;i=71,0,1000,1000,2,1,0,0,0.0,1,0,0,0,0,0,0,1,,,0,,0.0,1,
1218,5,072,ns=2;i=72,0,1000,1000,2,1,0,0,0.0,1,0,0,0,0,0,0,1,,,0,,0.0,1,
1219,5,073,ns=2;i=73,0,1000,1000,2,1,0,0,0.0,1,0,0,0,0,0,0,1,,,0,,0.0,1,
1220,5,074,ns=2;i=74,0,1000,1000,2,1,0,0,0.0,1,0,0,0,0,0,0,1,,,0,,0.0,1,
1221,5,075,ns=2;i=75,0,1000,1000,2,1,0,0,0.0,1,0,0,0,0,0,0,1,,,0,,0.0,1,
1222,5,076,ns=2;i=76,0,1000,1000,2,1,0,0,0.0,1,0,0,0,0,0,0,1,,,0,,0.0,1,
1223,5,077,ns=2;i=77,0,1000,1000,2,1,0,0,0.0,1,0,0,0,0,0,0,1,,,0,,0.0,1,
1224,5,078,ns=2;i=78,0,1000,1000,2,1,0,0,0.0,1,0,0,0,0,0,0,1,,,0,,0.0,1,
1225,5,079,ns=2;i=79,0,1000,1000,2,1,0,0,0.0,1,0,0,0,0,0,0,1,,,0,,0.0,1,
1226,5,080,ns=2;i=80,0,1000,1000,2,1,0,0,0.0,1,0,0,0,0,0,0,1,,,0,,0.0,1,
1227,5,081,ns=2;i=81,0,1000,1000,2,1,0,0,0.0,1,0,0,0,0,0,0,1,,,0,,0.0,1,
1228,5,082,ns=2;i=82,0,1000,1000,2,1,0,0,0.0,1,0,0,0,0,0,0,1,,,0,,0.0,1,
1229,5,083,ns=2;i=83,0,1000,1000,2,1,0,0,0.0,1,0,0,0,0,0,0,1,,,0,,0.0,1,
1230,5,084,ns=2;i=84,0,1000,1000,2,1,0,0,0.0,1,0,0,0,0,0,0,1,,,0,,0.0,1,
1231,5,085,ns=2;i=85,0,1000,1000,2,1,0,0,0.0,1,0,0,0,0,0,0,1,,,0,,0.0,1,
1232,5,086,ns=2;i=86,0,1000,1000,2,1,0,0,0.0,1,0,0,0,0,0,0,1,,,0,,0.0,1,
1233,5,087,ns=2;i=87,0,1000,1000,2,1,0,0,0.0,1,0,0,0,0,0,0,1,,,0,,0.0,1,
1234,5,088,ns=2;i=88,0,1000,1000,2,1,0,0,0.0,1,0,0,0,0,0,0,1,,,0,,0.0,1,
1235,5,089,ns=2;i=89,0,1000,1000,2,1,0,0,0.0,1,0,0,0,0,0,0,1,,,0,,0.0,1,
1236,5,090,ns=2;i=90,0,1000,1000,2,1,0,0,0.0,1,0,0,0,0,0,0,1,,,0,,0.0,1,
1237,5,091,ns=2;i=91,0,1000,1000,2,1,0,0,0.0,1,0,0,0,0,0,0,1,,,0,,0.0,1,
1238,5,092,ns=2;i=92,0,1000,1000,2,1,0,0,0.0,1,0,0,0,0,0,0,1,,,0,,0.0,1,
1239,5,093,ns=2;i=93,0,1000,1000,2,1,0,0,0.0,1,0,0,0,0,0,0,1,,,0,,0.0,1,
1240,5,094,ns=2;i=94,0,1000,1000,2,1,0,0,0.0,1,0,0,0,0,0,0,1,,,0,,0.0,1,
1241,5,095,ns=2;i=95,0,1000,1000,2,1,0,0,0.0,1,0,0,0,0,0,0,1,,,0,,0.0,1,
1242,5,096,ns=2;i=96,0,1000,1000,2,1,0,0,0.0,1,0,0,0,0,0,0,1,,,0,,0.0,1,
1243,5,097,ns=2;i=97,0,1000,1000,2,1,0,0,0.0,1,0,0,0,0,0,0,1,,,0,,0.0,1,
1244,5,098,ns=2;i=98,0,1000,1000,2,1,0,0,0.0,1,0,0,0,0,0,0,1,,,0,,0.0,1,
1245,5,099,ns=2;i=99,0,1000,1000,2,1,0,0,0.0,1,0,0,0,0,0,0,1,,,0,,0.0,1,
1246,5,100,ns=2;i=100,0,1000,1000,2,1,0,0,0.0,1,0,0,0,0,0,0,1,,,0,,0.0,1,
1247,5,101,ns=2;i=101,0,1000,1000,2,1,0,0,0.0,1,0,0,0,0,0,0,1,,,0,,0.0,1,
1248,5,102,ns=2;i=102,0,1000,1000,2,1,0,0,0.0,1,0,0,0,0,0,0,1,,,0,,0.0,1,
1249,5,103,ns=2;i=103,0,1000,1000,2,1,0,0,0.0,1,0,0,0,0,0,0,1,,,0,,0.0,1,
1250,5,104,ns=2;i=104,0,1000,1000,2,1,0,0,0.0,1,0,0,0,0,0,0,1,,,0,,0.0,1,
1251,5,105,ns=2;i=105,0,1000,1000,2,1,0,0,0.0,1,0,0,0,0,0,0,1,,,0,,0.0,1,
1252,5,106,ns=2;i=106,0,1000,1000,2,1,0,0,0.0,1,0,0,0,0,0,0,1,,,0,,0.0,1,
1253,5,107,ns=2;i=107,0,1000,1000,2,1,0,0,0.0,1,0,0,0,0,0,0,1,,,0,,0.0,1,
1254,5,108,ns=2;i=108,0,1000,1000,2,1,0,0,0.0,1,0,0,0,0,0,0,1,,,0,,0.0,1,
1255,5,109,ns=2;i=109,0,1000,1000,2,1,0,0,0.0,1,0,0,0,0,0,0,1,,,0,,0.0,1,
1256,5,110,ns=2;i=110,0,1000,1000,2,1,0,0,0.0,1,0,0,0,0,0,0,1,,,0,,0.0,1,
1257,5,111,ns=2;i=111,0,1000,1000,2,1,0,0,0.0,1,0,0,0,0,0,0,1,,,0,,0.0,1,
1258,5,112,ns=2;i=112,0,1000,1000,2,1,0,0,0.0,1,0,0,0,0,0,0,1,,,0,,0.0,1,
1259,5,113,ns=2;i=113,0,1000,1000,2,1,0,0,0.0,1,0,0,0,0,0,0,1,,,0,,0.0,1,
1260,5,114,ns=2;i=114,0,1000,1000,2,1,0,0,0.0,1,0,0,0,0,0,0,1,,,0,,0.0,1,
1261,5,115,ns=2;i=115,0,1000,1000,2,1,0,0,0.0,1,0,0,0,0,0,0,1,,,0,,0.0,1,
1262,5,116,ns=2;i=116,0,1000,1000,2,1,0,0,0.0,1,0,0,0,0,0,0,1,,,0,,0.0,1,
1263,5,117,ns=2;i=117,0,1000,1000,2,1,0,0,0.0,1,0,0,0,0,0,0,1,,,0,,0.0,1,
1264,5,118,ns=2;i=118,0,1000,1000,2,1,0,0,0.0,1,0,0,0,0,0,0,1,,,0,,0.0,1,
1265,5,119,ns=2;i=119,0,1000,1000,2,1,0,0,0.0,1,0,0,0,0,0,0,1,,,0,,0.0,1,
1266,5,120,ns=2;i=120,0,1000,1000,2,1,0,0,0.0,1,0,0,0,0,0,0,1,,,0,,0.0,1,
1267,5,121,ns=2;i=121,0,1000,1000,2,1,0,0,0.0,1,0,0,0,0,0,0,1,,,0,,0.0,1,
1268,5,122,ns=2;i=122,0,1000,1000,2,1,0,0,0.0,1,0,0,0,0,0,0,1,,,0,,0.0,1,
1269,5,123,ns=2;i=123,0,1000,1000,2,1,0,0,0.0,1,0,0,0,0,0,0,1,,,0,,0.0,1,
1270,5,124,ns=2;i=124,0,1000,1000,2,1,0,0,0.0,1,0,0,0,0,0,0,1,,,0,,0.0,1,
1271,5,125,ns=2;i=125,0,1000,1000,2,1,0,0,0.0,1,0,0,0,0,0,0,1,,,0,,0.0,1,
1272,5,126,ns=2;i=126,0,1000,1000,2,1,0,0,0.0,1,0,0,0,0,0,0,1,,,0,,0.0,1,
1273,5,127,ns=2;i=127,0,1000,1000,2,1,0,0,0.0,1,0,0,0,0,0,0,1,,,0,,0.0,1,
1274,5,128,ns=2;i=128,0,1000,1000,2,1,0,0,0.0,1,0,0,0,0,0,0,1,,,0,,0.0,1,
1275,5,129,ns=2;i=129,0,1000,1000,2,1,0,0,0.0,1,0,0,0,0,0,0,1,,,0,,0.0,1,
1276,5,130,ns=2;i=130,0,1000,1000,2,1,0,0,0.0,1,0,0,0,0,0,0,1,,,0,,0.0,1,
1277,5,131,ns=2;i=131,0,1000,1000,2,1,0,0,0.0,1,0,0,0,0,0,0,1,,,0,,0.0,1,
1278,5,132,ns=2;i=132,0,1000,1000,2,1,0,0,0.0,1,0,0,0,0,0,0,1,,,0,,0.0,1,
1279,5,133,ns=2;i=133,0,1000,1000,2,1,0,0,0.0,1,0,0,0,0,0,0,1,,,0,,0.0,1,
1280,5,134,ns=2;i=134,0,1000,1000,2,1,0,0,0.0,1,0,0,0,0,0,0,1,,,0,,0.0,1,
1281,5,135,ns=2;i=135,0,1000,1000,2,1,0,0,0.0,1,0,0,0,0,0,0,1,,,0,,0.0,1,
1282,5,136,ns=2;i=136,0,1000,1000,2,1,0,0,0.0,1,0,0,0,0,0,0,1,,,0,,0.0,1,
1283,5,137,ns=2;i=137,0,1000,1000,2,1,0,0,0.0,1,0,0,0,0,0,0,1,,,0,,0.0,1,
1284,5,138,ns=2;i=138,0,1000,1000,2,1,0,0,0.0,1,0,0,0,0,0,0,1,,,0,,0.0,1,
1285,5,139,ns=2;i=139,0,1000,1000,2,1,0,0,0.0,1,0,0,0,0,0,0,1,,,0,,0.0,1,
1286,5,140,ns=2;i=140,0,1000,1000,2,1,0,0,0.0,1,0,0,0,0,0,0,1,,,0,,0.0,1,
1287,5,141,ns=2;i=141,0,1000,1000,2,1,0,0,0.0,1,0,0,0,0,0,0,1,,,0,,0.0,1,
1288,5,142,ns=2;i=142,0,1000,1000,2,1,0,0,0.0,1,0,0,0,0,0,0,1,,,0,,0.0,1,
1289,5,143,ns=2;i=143,0,1000,1000,2,1,0,0,0.0,1,0,0,0,0,0,0,1,,,0,,0.0,1,
1290,5,144,ns=2;i=144,0,1000,1000,2,1,0,0,0.0,1,0,0,0,0,0,0,1,,,0,,0.0,1,
1291,5,145,ns=2;i=145,0,1000,1000,2,1,0,0,0.0,1,0,0,0,0,0,0,1,,,0,,0.0,1,
1292,5,146,ns=2;i=146,0,1000,1000,2,1,0,0,0.0,1,0,0,0,0,0,0,1,,,0,,0.0,1,
1293,5,147,ns=2;i=147,0,1000,1000,2,1,0,0,0.0,1,0,0,0,0,0,0,1,,,0,,0.0,1,
1294,5,148,ns=2;i=148,0,1000,1000,2,1,0,0,0.0,1,0,0,0,0,0,0,1,,,0,,0.0,1,
1295,5,149,ns=2;i=149,0,1000,1000,2,1,0,0,0.0,1,0,0,0,0,0,0,1,,,0,,0.0,1,
1296,5,150,ns=2;i=150,0,1000,1000,2,1,0,0,0.0,1,0,0,0,0,0,0,1,,,0,,0.0,1,
1297,5,151,ns=2;i=151,0,1000,1000,2,1,0,0,0.0,1,0,0,0,0,0,0,1,,,0,,0.0,1,
1298,5,152,ns=2;i=152,0,1000,1000,2,1,0,0,0.0,1,0,0,0,0,0,0,1,,,0,,0.0,1,
1299,5,153,ns=2;i=153,0,1000,1000,2,1,0,0,0.0,1,0,0,0,0,0,0,1,,,0,,0.0,1,
1300,5,154,ns=2;i=154,0,1000,1000,2,1,0,0,0.0,1,0,0,0,0,0,0,1,,,0,,0.0,1,
1301,5,155,ns=2;i=155,0,1000,1000,2,1,0,0,0.0,1,0,0,0,0,0,0,1,,,0,,0.0,1,
1302,5,156,ns=2;i=156,0,1000,1000,2,1,0,0,0.0,1,0,0,0,0,0,0,1,,,0,,0.0,1,
1303,5,157,ns=2;i=157,0,1000,1000,2,1,0,0,0.0,1,0,0,0,0,0,0,1,,,0,,0.0,1,
1304,5,158,ns=2;i=158,0,1000,1000,2,1,0,0,0.0,1,0,0,0,0,0,0,1,,,0,,0.0,1,
1305,5,159,ns=2;i=159,0,1000,1000,2,1,0,0,0.0,1,0,0,0,0,0,0,1,,,0,,0.0,1,
1306,5,160,ns=2;i=160,0,1000,1000,2,1,0,0,0.0,1,0,0,0,0,0,0,1,,,0,,0.0,1,
1307,5,161,ns=2;i=161,0,1000,1000,2,1,0,0,0.0,1,0,0,0,0,0,0,1,,,0,,0.0,1,
1308,5,162,ns=2;i=162,0,1000,1000,2,1,0,0,0.0,1,0,0,0,0,0,0,1,,,0,,0.0,1,
1309,5,163,ns=2;i=163,0,1000,1000,2,1,0,0,0.0,1,0,0,0,0,0,0,1,,,0,,0.0,1,
1310,5,164,ns=2;i=164,0,1000,1000,2,1,0,0,0.0,1,0,0,0,0,0,0,1,,,0,,0.0,1,
1311,5,165,ns=2;i=165,0,1000,1000,2,1,0,0,0.0,1,0,0,0,0,0,0,1,,,0,,0.0,1,
1312,5,166,ns=2;i=166,0,1000,1000,2,1,0,0,0.0,1,0,0,0,0,0,0,1,,,0,,0.0,1,
1313,5,167,ns=2;i=167,0,1000,1000,2,1,0,0,0.0,1,0,0,0,0,0,0,1,,,0,,0.0,1,
1314,5,168,ns=2;i=168,0,1000,1000,2,1,0,0,0.0,1,0,0,0,0,0,0,1,,,0,,0.0,1,
1315,5,169,ns=2;i=169,0,1000,1000,2,1,0,0,0.0,1,0,0,0,0,0,0,1,,,0,,0.0,1,
1316,5,170,ns=2;i=170,0,1000,1000,2,1,0,0,0.0,1,0,0,0,0,0,0,1,,,0,,0.0,1,
1317,5,171,ns=2;i=171,0,1000,1000,2,1,0,0,0.0,1,0,0,0,0,0,0,1,,,0,,0.0,1,
1318,5,172,ns=2;i=172,0,1000,1000,2,1,0,0,0.0,1,0,0,0,0,0,0,1,,,0,,0.0,1,
1319,5,173,ns=2;i=173,0,1000,1000,2,1,0,0,0.0,1,0,0,0,0,0,0,1,,,0,,0.0,1,
1320,5,174,ns=2;i=174,0,1000,1000,2,1,0,0,0.0,1,0,0,0,0,0,0,1,,,0,,0.0,1,
1321,5,175,ns=2;i=175,0,1000,1000,2,1,0,0,0.0,1,0,0,0,0,0,0,1,,,0,,0.0,1,
1322,5,176,ns=2;i=176,0,1000,1000,2,1,0,0,0.0,1,0,0,0,0,0,0,1,,,0,,0.0,1,
1323,5,177,ns=2;i=177,0,1000,1000,2,1,0,0,0.0,1,0,0,0,0,0,0,1,,,0,,0.0,1,
1324,5,178,ns=2;i=178,0,1000,1000,2,1,0,0,0.0,1,0,0,0,0,0,0,1,,,0,,0.0,1,
1325,5,179,ns=2;i=179,0,1000,1000,2,1,0,0,0.0,1,0,0,0,0,0,0,1,,,0,,0.0,1,
1326,5,180,ns=2;i=180,0,1000,1000,2,1,0,0,0.0,1,0,0,0,0,0,0,1,,,0,,0.0,1,
1327,5,181,ns=2;i=181,0,1000,1000,2,1,0,0,0.0,1,0,0,0,0,0,0,1,,,0,,0.0,1,
1328,5,182,ns=2;i=182,0,1000,1000,2,1,0,0,0.0,1,0,0,0,0,0,0,1,,,0,,0.0,1,
1329,5,183,ns=2;i=183,0,1000,1000,2,1,0,0,0.0,1,0,0,0,0,0,0,1,,,0,,0.0,1,
1330,5,184,ns=2;i=184,0,1000,1000,2,1,0,0,0.0,1,0,0,0,0,0,0,1,,,0,,0.0,1,
1331,5,185,ns=2;i=185,0,1000,1000,2,1,0,0,0.0,1,0,0,0,0,0,0,1,,,0,,0.0,1,
1332,5,186,ns=2;i=186,0,1000,1000,2,1,0,0,0.0,1,0,0,0,0,0,0,1,,,0,,0.0,1,
1333,5,187,ns=2;i=187,0,1000,1000,2,1,0,0,0.0,1,0,0,0,0,0,0,1,,,0,,0.0,1,
1334,5,188,ns=2;i=188,0,1000,1000,2,1,0,0,0.0,1,0,0,0,0,0,0,1,,,0,,0.0,1,
1335,5,189,ns=2;i=189,0,1000,1000,2,1,0,0,0.0,1,0,0,0,0,0,0,1,,,0,,0.0,1,
1336,5,190,ns=2;i=190,0,1000,1000,2,1,0,0,0.0,1,0,0,0,0,0,0,1,,,0,,0.0,1,
1337,5,191,ns=2;i=191,0,1000,1000,2,1,0,0,0.0,1,0,0,0,0,0,0,1,,,0,,0.0,1,
1338,5,192,ns=2;i=192,0,1000,1000,2,1,0,0,0.0,1,0,0,0,0,0,0,1,,,0,,0.0,1,
1339,5,193,ns=2;i=193,0,1000,1000,2,1,0,0,0.0,1,0,0,0,0,0,0,1,,,0,,0.0,1,
1340,5,194,ns=2;i=194,0,1000,1000,2,1,0,0,0.0,1,0,0,0,0,0,0,1,,,0,,0.0,1,
1341,5,195,ns=2;i=195,0,1000,1000,2,1,0,0,0.0,1,0,0,0,0,0,0,1,,,0,,0.0,1,
1342,5,196,ns=2;i=196,0,1000,1000,2,1,0,0,0.0,1,0,0,0,0,0,0,1,,,0,,0.0,1,
1343,5,197,ns=2;i=197,0,1000,1000,2,1,0,0,0.0,1,0,0,0,0,0,0,1,,,0,,0.0,1,
1344,5,198,ns=2;i=198,0,1000,1000,2,1,0,0,0.0,1,0,0,0,0,0,0,1,,,0,,0.0,1,
1345,5,199,ns=2;i=199,0,1000,1000,2,1,0,0,0.0,1,0,0,0,0,0,0,1,,,0,,0.0,1,
1346,5,200,ns=2;i=200,0,1000,1000,2,1,0,0,0.0,1,0,0,0,0,0,0,1,,,0,,0.0,1,
1347,5,201,ns=2;i=201,0,1000,1000,2,1,0,0,0.0,1,0,0,0,0,0,0,1,,,0,,0.0,1,
1348,5,202,ns=2;i=202,0,1000,1000,2,1,0,0,0.0,1,0,0,0,0,0,0,1,,,0,,0.0,1,
1349,5,203,ns=2;i=203,0,1000,1000,2,1,0,0,0.0,1,0,0,0,0,0,0,1,,,0,,0.0,1,
1350,5,204,ns=2;i=204,0,1000,1000,2,1,0,0,0.0,1,0,0,0,0,0,0,1,,,0,,0.0,1,
1351,5,205,ns=2;i=205,0,1000,1000,2,1,0,0,0.0,1,0,0,0,0,0,0,1,,,0,,0.0,1,
1352,5,206,ns=2;i=206,0,1000,1000,2,1,0,0,0.0,1,0,0,0,0,0,0,1,,,0,,0.0,1,
1353,5,207,ns=2;i=207,0,1000,1000,2,1,0,0,0.0,1,0,0,0,0,0,0,1,,,0,,0.0,1,
1354,5,208,ns=2;i=208,0,1000,1000,2,1,0,0,0.0,1,0,0,0,0,0,0,1,,,0,,0.0,1,
1355,5,209,ns=2;i=209,0,1000,1000,2,1,0,0,0.0,1,0,0,0,0,0,0,1,,,0,,0.0,1,
1356,5,210,ns=2;i=210,0,1000,1000,2,1,0,0,0.0,1,0,0,0,0,0,0,1,,,0,,0.0,1,
1357,5,211,ns=2;i=211,0,1000,1000,2,1,0,0,0.0,1,0,0,0,0,0,0,1,,,0,,0.0,1,
1358,5,212,ns=2;i=212,0,1000,1000,2,1,0,0,0.0,1,0,0,0,0,0,0,1,,,0,,0.0,1,
1359,5,213,ns=2;i=213,0,1000,1000,2,1,0,0,0.0,1,0,0,0,0,0,0,1,,,0,,0.0,1,
1360,5,214,ns=2;i=214,0,1000,1000,2,1,0,0,0.0,1,0,0,0,0,0,0,1,,,0,,0.0,1,
1361,5,215,ns=2;i=215,0,1000,1000,2,1,0,0,0.0,1,0,0,0,0,0,0,1,,,0,,0.0,1,
1362,5,216,ns=2;i=216,0,1000,1000,2,1,0,0,0.0,1,0,0,0,0,0,0,1,,,0,,0.0,1,
1363,5,217,ns=2;i=217,0,1000,1000,2,1,0,0,0.0,1,0,0,0,0,0,0,1,,,0,,0.0,1,
1364,5,218,ns=2;i=218,0,1000,1000,2,1,0,0,0.0,1,0,0,0,0,0,0,1,,,0,,0.0,1,
1365,5,219,ns=2;i=219,0,1000,1000,2,1,0,0,0.0,1,0,0,0,0,0,0,1,,,0,,0.0,1,
1366,5,220,ns=2;i=220,0,1000,1000,2,1,0,0,0.0,1,0,0,0,0,0,0,1,,,0,,0.0,1,
1367,5,221,ns=2;i=221,0,1000,1000,2,1,0,0,0.0,1,0,0,0,0,0,0,1,,,0,,0.0,1,
1368,5,222,ns=2;i=222,0,1000,1000,2,1,0,0,0.0,1,0,0,0,0,0,0,1,,,0,,0.0,1,
1369,5,223,ns=2;i=223,0,1000,1000,2,1,0,0,0.0,1,0,0,0,0,0,0,1,,,0,,0.0,1,
1370,5,224,ns=2;i=224,0,1000,1000,2,1,0,0,0.0,1,0,0,0,0,0,0,1,,,0,,0.0,1,
1371,5,225,ns=2;i=225,0,1000,1000,2,1,0,0,0.0,1,0,0,0,0,0,0,1,,,0,,0.0,1,
1372,5,226,ns=2;i=226,0,1000,1000,2,1,0,0,0.0,1,0,0,0,0,0,0,1,,,0,,0.0,1,
1373,5,227,ns=2;i=227,0,1000,1000,2,1,0,0,0.0,1,0,0,0,0,0,0,1,,,0,,0.0,1,
1374,5,228,ns=2;i=228,0,1000,1000,2,1,0,0,0.0,1,0,0,0,0,0,0,1,,,0,,0.0,1,
1375,5,229,ns=2;i=229,0,1000,1000,2,1,0,0,0.0,1,0,0,0,0,0,0,1,,,0,,0.0,1,
1376,5,230,ns=2;i=230,0,1000,1000,2,1,0,0,0.0,1,0,0,0,0,0,0,1,,,0,,0.0,1,
1377,5,231,ns=2;i=231,0,1000,1000,2,1,0,0,0.0,1,0,0,0,0,0,0,1,,,0,,0.0,1,
1378,5,232,ns=2;i=232,0,1000,1000,2,1,0,0,0.0,1,0,0,0,0,0,0,1,,,0,,0.0,1,
1379,5,233,ns=2;i=233,0,1000,1000,2,1,0,0,0.0,1,0,0,0,0,0,0,1,,,0,,0.0,1,
1380,5,234,ns=2;i=234,0,1000,1000,2,1,0,0,0.0,1,0,0,0,0,0,0,1,,,0,,0.0,1,
1381,5,235,ns=2;i=235,0,1000,1000,2,1,0,0,0.0,1,0,0,0,0,0,0,1,,,0,,0.0,1,
1382,5,236,ns=2;i=236,0,1000,1000,2,1,0,0,0.0,1,0,0,0,0,0,0,1,,,0,,0.0,1,
1383,5,237,ns=2;i=237,0,1000,1000,2,1,0,0,0.0,1,0,0,0,0,0,0,1,,,0,,0.0,1,
1384,5,238,ns=2;i=238,0,1000,1000,2,1,0,0,0.0,1,0,0,0,0,0,0,1,,,0,,0.0,1,
1385,5,239,ns=2;i=239,0,1000,1000,2,1,0,0,0.0,1,0,0,0,0,0,0,1,,,0,,0.0,1,
1386,5,240,ns=2;i=240,0,1000,1000,2,1,0,0,0.0,1,0,0,0,0,0,0,1,,,0,,0.0,1,
1387,5,241,ns=2;i=241,0,1000,1000,2,1,0,0,0.0,1,0,0,0,0,0,0,1,,,0,,0.0,1,
1388,5,242,ns=2;i=242,0,1000,1000,2,1,0,0,0.0,1,0,0,0,0,0,0,1,,,0,,0.0,1,
1389,5,243,ns=2;i=243,0,1000,1000,2,1,0,0,0.0,1,0,0,0,0,0,0,1,,,0,,0.0,1,
1390,5,244,ns=2;i=244,0,1000,1000,2,1,0,0,0.0,1,0,0,0,0,0,0,1,,,0,,0.0,1,
1391,5,245,ns=2;i=245,0,1000,1000,2,1,0,0,0.0,1,0,0,0,0,0,0,1,,,0,,0.0,1,
1392,5,246,ns=2;i=246,0,1000,1000,2,1,0,0,0.0,1,0,0,0,0,0,0,1,,,0,,0.0,1,
1393,5,247,ns=2;i=247,0,1000,1000,2,1,0,0,0.0,1,0,0,0,0,0,0,1,,,0,,0.0,1,
1394,5,248,ns=2;i=248,0,1000,1000,2,1,0,0,0.0,1,0,0,0,0,0,0,1,,,0,,0.0,1,
1395,5,249,ns=2;i=249,0,1000,1000,2,1,0,0,0.0,1,0,0,0,0,0,0,1,,,0,,0.0,1,
1396,5,250,ns=2;i=250,0,1000,1000,2,1,0,0,0.0,1,0,0,0,0,0,0,1,,,0,,0.0,1,
1397,5,251,ns=2;i=251,0,1000,1000,2,1,0,0,0.0,1,0,0,0,0,0,0,1,,,0,,0.0,1,
1398,5,252,ns=2;i=252,0,1000,1000,2,1,0,0,0.0,1,0,0,0,0,0,0,1,,,0,,0.0,1,
1399,5,253,ns=2;i=253,0,1000,1000,2,1,0,0,0.0,1,0,0,0,0,0,0,1,,,0,,0.0,1,
1400,5,254,ns=2;i=254,0,1000,1000,2,1,0,0,0.0,1,0,0,0,0,0,0,1,,,0,,0.0,1,
1401,5,255,ns=2;i=255,0,1000,1000,2,1,0,0,0.0,1,0,0,0,0,0,0,1,,,0,,0.0,1,
1402,5,256,ns=2;i=256,0,1000,1000,2,1,0,0,0.0,1,0,0,0,0,0,0,1,,,0,,0.0,1,
1403,5,257,ns=2;i=257,0,1000,1000,2,1,0,0,0.0,1,0,0,0,0,0,0,1,,,0,,0.0,1,
1404,5,258,ns=2;i=258,0,1000,1000,2,1,0,0,0.0,1,0,0,0,0,0,0,1,,,0,,0.0,1,
1405,5,259,ns=2;i=259,0,1000,1000,2,1,0,0,0.0,1,0,0,0,0,0,0,1,,,0,,0.0,1,
1406,5,260,ns=2;i=260,0,1000,1000,2,1,0,0,0.0,1,0,0,0,0,0,0,1,,,0,,0.0,1,
1407,5,261,ns=2;i=261,0,1000,1000,2,1,0,0,0.0,1,0,0,0,0,0,0,1,,,0,,0.0,1,
1408,5,262,ns=2;i=262,0,1000,1000,2,1,0,0,0.0,1,0,0,0,0,0,0,1,,,0,,0.0,1,
1409,5,263,ns=2;i=263,0,1000,1000,2,1,0,0,0.0,1,0,0,0,0,0,0,1,,,0,,0.0,1,
1410,5,264,ns=2;i=264,0,1000,1000,2,1,0,0,0.0,1,0,0,0,0,0,0,1,,,0,,0.0,1,
1411,5,265,ns=2;i=265,0,1000,1000,2,1,0,0,0.0,1,0,0,0,0,0,0,1,,,0,,0.0,1,
1412,5,266,ns=2;i=266,0,1000,1000,2,1,0,0,0.0,1,0,0,0,0,0,0,1,,,0,,0.0,1,
1413,5,267,ns=2;i=267,0,1000,1000,2,1,0,0,0.0,1,0,0,0,0,0,0,1,,,0,,0.0,1,
1414,5,268,ns=2;i=268,0,1000,1000,2,1,0,0,0.0,1,0,0,0,0,0,0,1,,,0,,0.0,1,
1415,5,269,ns=2;i=269,0,1000,1000,2,1,0,0,0.0,1,0,0,0,0,0,0,1,,,0,,0.0,1,
1416,5,270,ns=2;i=270,0,1000,1000,2,1,0,0,0.0,1,0,0,0,0,0,0,1,,,0,,0.0,1,
1417,5,271,ns=2;i=271,0,1000,1000,2,1,0,0,0.0,1,0,0,0,0,0,0,1,,,0,,0.0,1,
1418,5,272,ns=2;i=272,0,1000,1000,2,1,0,0,0.0,1,0,0,0,0,0,0,1,,,0,,0.0,1,
1419,5,273,ns=2;i=273,0,1000,1000,2,1,0,0,0.0,1,0,0,0,0,0,0,1,,,0,,0.0,1,
1420,5,274,ns=2;i=274,0,1000,1000,2,1,0,0,0.0,1,0,0,0,0,0,0,1,,,0,,0.0,1,
1421,5,275,ns=2;i=275,0,1000,1000,2,1,0,0,0.0,1,0,0,0,0,0,0,1,,,0,,0.0,1,
1422,5,276,ns=2;i=276,0,1000,1000,2,1,0,0,0.0,1,0,0,0,0,0,0,1,,,0,,0.0,1,
1423,5,277,ns=2;i=277,0,1000,1000,2,1,0,0,0.0,1,0,0,0,0,0,0,1,,,0,,0.0,1,
1424,5,278,ns=2;i=278,0,1000,1000,2,1,0,0,0.0,1,0,0,0,0,0,0,1,,,0,,0.0,1,
1425,5,279,ns=2;i=279,0,1000,1000,2,1,0,0,0.0,1,0,0,0,0,0,0,1,,,0,,0.0,1,
1426,5,280,ns=2;i=280,0,1000,1000,2,1,0,0,0.0,1,0,0,0,0,0,0,1,,,0,,0.0,1,
1427,5,281,ns=2;i=281,0,1000,1000,2,1,0,0,0.0,1,0,0,0,0,0,0,1,,,0,,0.0,1,
1428,5,282,ns=2;i=282,0,1000,1000,2,1,0,0,0.0,1,0,0,0,0,0,0,1,,,0,,0.0,1,
1429,5,283,ns=2;i=283,0,1000,1000,2,1,0,0,0.0,1,0,0,0,0,0,0,1,,,0,,0.0,1,
1430,5,284,ns=2;i=284,0,1000,1000,2,1,0,0,0.0,1,0,0,0,0,0,0,1,,,0,,0.0,1,
1431,5,285,ns=2;i=285,0,1000,1000,2,1,0,0,0.0,1,0,0,0,0,0,0,1,,,0,,0.0,1,
1432,5,286,ns=2;i=286,0,1000,1000,2,1,0,0,0.0,1,0,0,0,0,0,0,1,,,0,,0.0,1,
1433,5,287,ns=2;i=287,0,1000,1000,2,1,0,0,0.0,1,0,0,0,0,0,0,1,,,0,,0.0,1,
1434,5,288,ns=2;i=288,0,1000,1000,2,1,0,0,0.0,1,0,0,0,0,0,0,1,,,0,,0.0,1,
1435,5,289,ns=2;i=289,0,1000,1000,2,1,0,0,0.0,1,0,0,0,0,0,0,1,,,0,,0.0,1,
1436,5,290,ns=2;i=290,0,1000,1000,2,1,0,0,0.0,1,0,0,0,0,0,0,1,,,0,,0.0,1,
1437,5,291,ns=2;i=291,0,1000,1000,2,1,0,0,0.0,1,0,0,0,0,0,0,1,,,0,,0.0,1,
1438,5,292,ns=2;i=292,0,1000,1000,2,1,0,0,0.0,1,0,0,0,0,0,0,1,,,0,,0.0,1,
1439,5,293,ns=2;i=293,0,1000,1000,2,1,0,0,0.0,1,0,0,0,0,0,0,1,,,0,,0.0,1,
1440,5,294,ns=2;i=294,0,1000,1000,2,1,0,0,0.0,1,0,0,0,0,0,0,1,,,0,,0.0,1,
1441,5,295,ns=2;i=295,0,1000,1000,2,1,0,0,0.0,1,0,0,0,0,0,0,1,,,0,,0.0,1,
1442,5,296,ns=2;i=296,0,1000,1000,2,1,0,0,0.0,1,0,0,0,0,0,0,1,,,0,,0.0,1,
1443,5,297,ns=2;i=297,0,1000,1000,2,1,0,0,0.0,1,0,0,0,0,0,0,1,,,0,,0.0,1,
1444,5,298,ns=2;i=298,0,1000,1000,2,1,0,0,0.0,1,0,0,0,0,0,0,1,,,0,,0.0,1,
1445,5,299,ns=2;i=299,0,1000,1000,2,1,0,0,0.0,1,0,0,0,0,0,0,1,,,0,,0.0,1,
1446,5,300,ns=2;i=300,0,1000,1000,2,1,0,0,0.0,1,0,0,0,0,0,0,1,,,0,,0.0,1,
1447,5,301,ns=2;i=301,0,1000,1000,2,1,0,0,0.0,1,0,0,0,0,0,0,1,,,0,,0.0,1,
1448,5,302,ns=2;i=302,0,1000,1000,2,1,0,0,0.0,1,0,0,0,0,0,0,1,,,0,,0.0,1,
1449,5,303,ns=2;i=303,0,1000,1000,2,1,0,0,0.0,1,0,0,0,0,0,0,1,,,0,,0.0,1,
1450,5,304,ns=2;i=304,0,1000,1000,2,1,0,0,0.0,1,0,0,0,0,0,0,1,,,0,,0.0,1,
1451,5,305,ns=2;i=305,0,1000,1000,2,1,0,0,0.0,1,0,0,0,0,0,0,1,,,0,,0.0,1,
1452,5,306,ns=2;i=306,0,1000,1000,2,1,0,0,0.0,1,0,0,0,0,0,0,1,,,0,,0.0,1,
1453,5,307,ns=2;i=307,0,1000,1000,2,1,0,0,0.0,1,0,0,0,0,0,0,1,,,0,,0.0,1,
1454,5,308,ns=2;i=308,0,1000,1000,2,1,0,0,0.0,1,0,0,0,0,0,0,1,,,0,,0.0,1,
1455,5,309,ns=2;i=309,0,1000,1000,2,1,0,0,0.0,1,0,0,0,0,0,0,1,,,0,,0.0,1,
1456,5,310,ns=2;i=310,0,1000,1000,2,1,0,0,0.0,1,0,0,0,0,0,0,1,,,0,,0.0,1,
1457,5,311,ns=2;i=311,0,1000,1000,2,1,0,0,0.0,1,0,0,0,0,0,0,1,,,0,,0.0,1,
1458,5,312,ns=2;i=312,0,1000,1000,2,1,0,0,0.0,1,0,0,0,0,0,0,1,,,0,,0.0,1,
1459,5,313,ns=2;i=313,0,1000,1000,2,1,0,0,0.0,1,0,0,0,0,0,0,1,,,0,,0.0,1,
1460,5,314,ns=2;i=314,0,1000,1000,2,1,0,0,0.0,1,0,0,0,0,0,0,1,,,0,,0.0,1,
1461,5,315,ns=2;i=315,0,1000,1000,2,1,0,0,0.0,1,0,0,0,0,0,0,1,,,0,,0.0,1,
1462,5,316,ns=2;i=316,0,1000,1000,2,1,0,0,0.0,1,0,0,0,0,0,0,1,,,0,,0.0,1,
1463,5,317,ns=2;i=317,0,1000,1000,2,1,0,0,0.0,1,0,0,0,0,0,0,1,,,0,,0.0,1,
1464,5,318,ns=2;i=318,0,1000,1000,2,1,0,0,0.0,1,0,0,0,0,0,0,1,,,0,,0.0,1,
1465,5,319,ns=2;i=319,0,1000,1000,2,1,0,0,0.0,1,0,0,0,0,0,0,1,,,0,,0.0,1,
1466,5,320,ns=2;i=320,0,1000,1000,2,1,0,0,0.0,1,0,0,0,0,0,0,1,,,0,,0.0,1,
1467,5,321,ns=2;i=321,0,1000,1000,2,1,0,0,0.0,1,0,0,0,0,0,0,1,,,0,,0.0,1,
1468,5,322,ns=2;i=322,0,1000,1000,2,1,0,0,0.0,1,0,0,0,0,0,0,1,,,0,,0.0,1,
1469,5,323,ns=2;i=323,0,1000,1000,2,1,0,0,0.0,1,0,0,0,0,0,0,1,,,0,,0.0,1,
1470,5,324,ns=2;i=324,0,1000,1000,2,1,0,0,0.0,1,0,0,0,0,0,0,1,,,0,,0.0,1,
1471,5,325,ns=2;i=325,0,1000,1000,2,1,0,0,0.0,1,0,0,0,0,0,0,1,,,0,,0.0,1,
1472,5,326,ns=2;i=326,0,1000,1000,2,1,0,0,0.0,1,0,0,0,0,0,0,1,,,0,,0.0,1,
1473,5,327,ns=2;i=327,0,1000,1000,2,1,0,0,0.0,1,0,0,0,0,0,0,1,,,0,,0.0,1,
1474,5,328,ns=2;i=328,0,1000,1000,2,1,0,0,0.0,1,0,0,0,0,0,0,1,,,0,,0.0,1,
1475,5,329,ns=2;i=329,0,1000,1000,2,1,0,0,0.0,1,0,0,0,0,0,0,1,,,0,,0.0,1,
1476,5,330,ns=2;i=330,0,1000,1000,2,1,0,0,0.0,1,0,0,0,0,0,0,1,,,0,,0.0,1,
1477,5,331,ns=2;i=331,0,1000,1000,2,1,0,0,0.0,1,0,0,0,0,0,0,1,,,0,,0.0,1,
1478,5,332,ns=2;i=332,0,1000,1000,2,1,0,0,0.0,1,0,0,0,0,0,0,1,,,0,,0.0,1,
1479,5,333,ns=2;i=333,0,1000,1000,2,1,0,0,0.0,1,0,0,0,0,0,0,1,,,0,,0.0,1,
1480,5,334,ns=2;i=334,0,1000,1000,2,1,0,0,0.0,1,0,0,0,0,0,0,1,,,0,,0.0,1,
1481,5,335,ns=2;i=335,0,1000,1000,2,1,0,0,0.0,1,0,0,0,0,0,0,1,,,0,,0.0,1,
1482,5,336,ns=2;i=336,0,1000,1000,2,1,0,0,0.0,1,0,0,0,0,0,0,1,,,0,,0.0,1,
1483,5,337,ns=2;i=337,0,1000,1000,2,1,0,0,0.0,1,0,0,0,0,0,0,1,,,0,,0.0,1,
1484,5,338,ns=2;i=338,0,1000,1000,2,1,0,0,0.0,1,0,0,0,0,0,0,1,,,0,,0.0,1,
1485,5,339,ns=2;i=339,0,1000,1000,2,1,0,0,0.0,1,0,0,0,0,0,0,1,,,0,,0.0,1,
1486,5,340,ns=2;i=340,0,1000,1000,2,1,0,0,0.0,1,0,0,0,0,0,0,1,,,0,,0.0,1,
1487,5,341,ns=2;i=341,0,1000,1000,2,1,0,0,0.0,1,0,0,0,0,0,0,1,,,0,,0.0,1,
1488,5,342,ns=2;i=342,0,1000,1000,2,1,0,0,0.0,1,0,0,0,0,0,0,1,,,0,,0.0,1,
1489,5,343,ns=2;i=343,0,1000,1000,2,1,0,0,0.0,1,0,0,0,0,0,0,1,,,0,,0.0,1,
1490,5,344,ns=2;i=344,0,1000,1000,2,1,0,0,0.0,1,0,0,0,0,0,0,1,,,0,,0.0,1,
1491,5,345,ns=2;i=345,0,1000,1000,2,1,0,0,0.0,1,0,0,0,0,0,0,1,,,0,,0.0,1,
1492,5,346,ns=2;i=346,0,1000,1000,2,1,0,0,0.0,1,0,0,0,0,0,0,1,,,0,,0.0,1,
1493,5,347,ns=2;i=347,0,1000,1000,2,1,0,0,0.0,1,0,0,0,0,0,0,1,,,0,,0.0,1,
1494,5,348,ns=2;i=348,0,1000,1000,2,1,0,0,0.0,1,0,0,0,0,0,0,1,,,0,,0.0,1,
1495,5,349,ns=2;i=349,0,1000,1000,2,1,0,0,0.0,1,0,0,0,0,0,0,1,,,0,,0.0,1,
1496,5,350,ns=2;i=350,0,1000,1000,2,1,0,0,0.0,1,0,0,0,0,0,0,1,,,0,,0.0,1,
1497,5,351,ns=2;i=351,0,1000,1000,2,1,0,0,0.0,1,0,0,0,0,0,0,1,,,0,,0.0,1,
1498,5,352,ns=2;i=352,0,1000,1000,2,1,0,0,0.0,1,0,0,0,0,0,0,1,,,0,,0.0,1,
1499,5,353,ns=2;i=353,0,1000,1000,2,1,0,0,0.0,1,0,0,0,0,0,0,1,,,0,,0.0,1,
1500,5,354,ns=2;i=354,0,1000,1000,2,1,0,0,0.0,1,0,0,0,0,0,0,1,,,0,,0.0,1,
1501,5,355,ns=2;i=355,0,1000,1000,2,1,0,0,0.0,1,0,0,0,0,0,0,1,,,0,,0.0,1,
1502,5,356,ns=2;i=356,0,1000,1000,2,1,0,0,0.0,1,0,0,0,0,0,0,1,,,0,,0.0,1,
1503,5,357,ns=2;i=357,0,1000,1000,2,1,0,0,0.0,1,0,0,0,0,0,0,1,,,0,,0.0,1,
1504,5,358,ns=2;i=358,0,1000,1000,2,1,0,0,0.0,1,0,0,0,0,0,0,1,,,0,,0.0,1,
1505,5,359,ns=2;i=359,0,1000,1000,2,1,0,0,0.0,1,0,0,0,0,0,0,1,,,0,,0.0,1,
1506,5,360,ns=2;i=360,0,1000,1000,2,1,0,0,0.0,1,0,0,0,0,0,0,1,,,0,,0.0,1,
1507,5,361,ns=2;i=361,0,1000,1000,2,1,0,0,0.0,1,0,0,0,0,0,0,1,,,0,,0.0,1,
1508,5,362,ns=2;i=362,0,1000,1000,2,1,0,0,0.0,1,0,0,0,0,0,0,1,,,0,,0.0,1,
1509,5,363,ns=2;i=363,0,1000,1000,2,1,0,0,0.0,1,0,0,0,0,0,0,1,,,0,,0.0,1,
1510,5,364,ns=2;i=364,0,1000,1000,2,1,0,0,0.0,1,0,0,0,0,0,0,1,,,0,,0.0,1,
1511,5,365,ns=2;i=365,0,1000,1000,2,1,0,0,0.0,1,0,0,0,0,0,0,1,,,0,,0.0,1,
1512,5,366,ns=2;i=366,0,1000,1000,2,1,0,0,0.0,1,0,0,0,0,0,0,1,,,0,,0.0,1,
1513,5,367,ns=2;i=367,0,1000,1000,2,1,0,0,0.0,1,0,0,0,0,0,0,1,,,0,,0.0,1,
1514,5,368,ns=2;i=368,0,1000,1000,2,1,0,0,0.0,1,0,0,0,0,0,0,1,,,0,,0.0,1,
1515,5,369,ns=2;i=369,0,1000,1000,2,1,0,0,0.0,1,0,0,0,0,0,0,1,,,0,,0.0,1,
1516,5,370,ns=2;i=370,0,1000,1000,2,1,0,0,0.0,1,0,0,0,0,0,0,1,,,0,,0.0,1,
1517,5,371,ns=2;i=371,0,1000,1000,2,1,0,0,0.0,1,0,0,0,0,0,0,1,,,0,,0.0,1,
1518,5,372,ns=2;i=372,0,1000,1000,2,1,0,0,0.0,1,0,0,0,0,0,0,1,,,0,,0.0,1,
1519,5,373,ns=2;i=373,0,1000,1000,2,1,0,0,0.0,1,0,0,0,0,0,0,1,,,0,,0.0,1,
1520,5,374,ns=2;i=374,0,1000,1000,2,1,0,0,0.0,1,0,0,0,0,0,0,1,,,0,,0.0,1,
1521,5,375,ns=2;i=375,0,1000,1000,2,1,0,0,0.0,1,0,0,0,0,0,0,1,,,0,,0.0,1,
1522,5,376,ns=2;i=376,0,1000,1000,2,1,0,0,0.0,1,0,0,0,0,0,0,1,,,0,,0.0,1,
1523,5,377,ns=2;i=377,0,1000,1000,2,1,0,0,0.0,1,0,0,0,0,0,0,1,,,0,,0.0,1,
1524,5,378,ns=2;i=378,0,1000,1000,2,1,0,0,0.0,1,0,0,0,0,0,0,1,,,0,,0.0,1,
1525,5,379,ns=2;i=379,0,1000,1000,2,1,0,0,0.0,1,0,0,0,0,0,0,1,,,0,,0.0,1,
1526,5,380,ns=2;i=380,0,1000,1000,2,1,0,0,0.0,1,0,0,0,0,0,0,1,,,0,,0.0,1,
1527,5,381,ns=2;i=381,0,1000,1000,2,1,0,0,0.0,1,0,0,0,0,0,0,1,,,0,,0.0,1,
1528,5,382,ns=2;i=382,0,1000,1000,2,1,0,0,0.0,1,0,0,0,0,0,0,1,,,0,,0.0,1,
1529,5,383,ns=2;i=383,0,1000,1000,2,1,0,0,0.0,1,0,0,0,0,0,0,1,,,0,,0.0,1,
1530,5,384,ns=2;i=384,0,1000,1000,2,1,0,0,0.0,1,0,0,0,0,0,0,1,,,0,,0.0,1,
1531,5,385,ns=2;i=385,0,1000,1000,2,1,0,0,0.0,1,0,0,0,0,0,0,1,,,0,,0.0,1,
1532,5,386,ns=2;i=386,0,1000,1000,2,1,0,0,0.0,1,0,0,0,0,0,0,1,,,0,,0.0,1,
1533,5,387,ns=2;i=387,0,1000,1000,2,1,0,0,0.0,1,0,0,0,0,0,0,1,,,0,,0.0,1,
1534,5,388,ns=2;i=388,0,1000,1000,2,1,0,0,0.0,1,0,0,0,0,0,0,1,,,0,,0.0,1,
1535,5,389,ns=2;i=389,0,1000,1000,2,1,0,0,0.0,1,0,0,0,0,0,0,1,,,0,,0.0,1,
1536,5,390,ns=2;i=390,0,1000,1000,2,1,0,0,0.0,1,0,0,0,0,0,0,1,,,0,,0.0,1,
1537,5,391,ns=2;i=391,0,1000,1000,2,1,0,0,0.0,1,0,0,0,0,0,0,1,,,0,,0.0,1,
1538,5,392,ns=2;i=392,0,1000,1000,2,1,0,0,0.0,1,0,0,0,0,0,0,1,,,0,,0.0,1,
1539,5,393,ns=2;i=393,0,1000,1000,2,1,0,0,0.0,1,0,0,0,0,0,0,1,,,0,,0.0,1,
1540,5,394,ns=2;i=394,0,1000,1000,2,1,0,0,0.0,1,0,0,0,0,0,0,1,,,0,,0.0,1,
1541,5,395,ns=2;i=395,0,1000,1000,2,1,0,0,0.0,1,0,0,0,0,0,0,1,,,0,,0.0,1,
1542,5,396,ns=2;i=396,0,1000,1000,2,1,0,0,0.0,1,0,0,0,0,0,0,1,,,0,,0.0,1,
1543,5,397,ns=2;i=397,0,1000,1000,2,1,0,0,0.0,1,0,0,0,0,0,0,1,,,0,,0.0,1,
1544,5,398,ns=2;i=398,0,1000,1000,2,1,0,0,0.0,1,0,0,0,0,0,0,1,,,0,,0.0,1,
1545,5,399,ns=2;i=399,0,1000,1000,2,1,0,0,0.0,1,0,0,0,0,0,0,1,,,0,,0.0,1,
1546,5,400,ns=2;i=400,0,1000,1000,2,1,0,0,0.0,1,0,0,0,0,0,0,1,,,0,,0.0,1,
1547,5,401,ns=2;i=401,0,1000,1000,2,1,0,0,0.0,1,0,0,0,0,0,0,1,,,0,,0.0,1,
1548,5,402,ns=2;i=402,0,1000,1000,2,1,0,0,0.0,1,0,0,0,0,0,0,1,,,0,,0.0,1,
1549,5,403,ns=2;i=403,0,1000,1000,2,1,0,0,0.0,1,0,0,0,0,0,0,1,,,0,,0.0,1,
1550,5,404,ns=2;i=404,0,1000,1000,2,1,0,0,0.0,1,0,0,0,0,0,0,1,,,0,,0.0,1,
1551,5,405,ns=2;i=405,0,1000,1000,2,1,0,0,0.0,1,0,0,0,0,0,0,1,,,0,,0.0,1,
1552,5,406,ns=2;i=406,0,1000,1000,2,1,0,0,0.0,1,0,0,0,0,0,0,1,,,0,,0.0,1,
1553,5,407,ns=2;i=407,0,1000,1000,2,1,0,0,0.0,1,0,0,0,0,0,0,1,,,0,,0.0,1,
1554,5,408,ns=2;i=408,0,1000,1000,2,1,0,0,0.0,1,0,0,0,0,0,0,1,,,0,,0.0,1,
1555,5,409,ns=2;i=409,0,1000,1000,2,1,0,0,0.0,1,0,0,0,0,0,0,1,,,0,,0.0,1,
1556,5,410,ns=2;i=410,0,1000,1000,2,1,0,0,0.0,1,0,0,0,0,0,0,1,,,0,,0.0,1,
1557,5,411,ns=2;i=411,0,1000,1000,2,1,0,0,0.0,1,0,0,0,0,0,0,1,,,0,,0.0,1,
1558,5,412,ns=2;i=412,0,1000,1000,2,1,0,0,0.0,1,0,0,0,0,0,0,1,,,0,,0.0,1,
1559,5,413,ns=2;i=413,0,1000,1000,2,1,0,0,0.0,1,0,0,0,0,0,0,1,,,0,,0.0,1,
1560,5,414,ns=2;i=414,0,1000,1000,2,1,0,0,0.0,1,0,0,0,0,0,0,1,,,0,,0.0,1,
1561,5,415,ns=2;i=415,0,1000,1000,2,1,0,0,0.0,1,0,0,0,0,0,0,1,,,0,,0.0,1,
1562,5,416,ns=2;i=416,0,1000,1000,2,1,0,0,0.0,1,0,0,0,0,0,0,1,,,0,,0.0,1,
1563,5,417,ns=2;i=417,0,1000,1000,2,1,0,0,0.0,1,0,0,0,0,0,0,1,,,0,,0.0,1,
1564,5,418,ns=2;i=418,0,1000,1000,2,1,0,0,0.0,1,0,0,0,0,0,0,1,,,0,,0.0,1,
1565,5,419,ns=2;i=419,0,1000,1000,2,1,0,0,0.0,1,0,0,0,0,0,0,1,,,0,,0.0,1,
1566,5,420,ns=2;i=420,0,1000,1000,2,1,0,0,0.0,1,0,0,0,0,0,0,1,,,0,,0.0,1,
1567,5,421,ns=2;i=421,0,1000,1000,2,1,0,0,0.0,1,0,0,0,0,0,0,1,,,0,,0.0,1,
1568,5,422,ns=2;i=422,0,1000,1000,2,1,0,0,0.0,1,0,0,0,0,0,0,1,,,0,,0.0,1,
1569,5,423,ns=2;i=423,0,1000,1000,2,1,0,0,0.0,1,0,0,0,0,0,0,1,,,0,,0.0,1,
1570,5,424,ns=2;i=424,0,1000,1000,2,1,0,0,0.0,1,0,0,0,0,0,0,1,,,0,,0.0,1,
1571,5,425,ns=2;i=425,0,1000,1000,2,1,0,0,0.0,1,0,0,0,0,0,0,1,,,0,,0.0,1,
1572,5,426,ns=2;i=426,0,1000,1000,2,1,0,0,0.0,1,0,0,0,0,0,0,1,,,0,,0.0,1,
1573,5,427,ns=2;i=427,0,1000,1000,2,1,0,0,0.0,1,0,0,0,0,0,0,1,,,0,,0.0,1,
1574,5,428,ns=2;i=428,0,1000,1000,2,1,0,0,0.0,1,0,0,0,0,0,0,1,,,0,,0.0,1,
1575,5,429,ns=2;i=429,0,1000,1000,2,1,0,0,0.0,1,0,0,0,0,0,0,1,,,0,,0.0,1,
1576,5,430,ns=2;i=430,0,1000,1000,2,1,0,0,0.0,1,0,0,0,0,0,0,1,,,0,,0.0,1,
1577,5,431,ns=2;i=431,0,1000,1000,2,1,0,0,0.0,1,0,0,0,0,0,0,1,,,0,,0.0,1,
1578,5,432,ns=2;i=432,0,1000,1000,2,1,0,0,0.0,1,0,0,0,0,0,0,1,,,0,,0.0,1,
1579,5,433,ns=2;i=433,0,1000,1000,2,1,0,0,0.0,1,0,0,0,0,0,0,1,,,0,,0.0,1,
1580,5,434,ns=2;i=434,0,1000,1000,2,1,0,0,0.0,1,0,0,0,0,0,0,1,,,0,,0.0,1,
1581,5,435,ns=2;i=435,0,1000,1000,2,1,0,0,0.0,1,0,0,0,0,0,0,1,,,0,,0.0,1,
1582,5,436,ns=2;i=436,0,1000,1000,2,1,0,0,0.0,1,0,0,0,0,0,0,1,,,0,,0.0,1,
1583,5,437,ns=2;i=437,0,1000,1000,2,1,0,0,0.0,1,0,0,0,0,0,0,1,,,0,,0.0,1,
1584,5,438,ns=2;i=438,0,1000,1000,2,1,0,0,0.0,1,0,0,0,0,0,0,1,,,0,,0.0,1,
1585,5,439,ns=2;i=439,0,1000,1000,2,1,0,0,0.0,1,0,0,0,0,0,0,1,,,0,,0.0,1,
1586,5,440,ns=2;i=440,0,1000,1000,2,1,0,0,0.0,1,0,0,0,0,0,0,1,,,0,,0.0,1,
1587,5,441,ns=2;i=441,0,1000,1000,2,1,0,0,0.0,1,0,0,0,0,0,0,1,,,0,,0.0,1,
1588,5,442,ns=2;i=442,0,1000,1000,2,1,0,0,0.0,1,0,0,0,0,0,0,1,,,0,,0.0,1,
1589,5,443,ns=2;i=443,0,1000,1000,2,1,0,0,0.0,1,0,0,0,0,0,0,1,,,0,,0.0,1,
1590,5,444,ns=2;i=444,0,1000,1000,2,1,0,0,0.0,1,0,0,0,0,0,0,1,,,0,,0.0,1,
1591,5,445,ns=2;i=445,0,1000,1000,2,1,0,0,0.0,1,0,0,0,0,0,0,1,,,0,,0.0,1,
1592,5,446,ns=2;i=446,0,1000,1000,2,1,0,0,0.0,1,0,0,0,0,0,0,1,,,0,,0.0,1,
1593,5,447,ns=2;i=447,0,1000,1000,2,1,0,0,0.0,1,0,0,0,0,0,0,1,,,0,,0.0,1,
1594,5,448,ns=2;i=448,0,1000,1000,2,1,0,0,0.0,1,0,0,0,0,0,0,1,,,0,,0.0,1,
1595,5,449,ns=2;i=449,0,1000,1000,2,1,0,0,0.0,1,0,0,0,0,0,0,1,,,0,,0.0,1,
1596,5,450,ns=2;i=450,0,1000,1000,2,1,0,0,0.0,1,0,0,0,0,0,0,1,,,0,,0.0,1,
1597,5,451,ns=2;i=451,0,1000,1000,2,1,0,0,0.0,1,0,0,0,0,0,0,1,,,0,,0.0,1,
1598,5,452,ns=2;i=452,0,1000,1000,2,1,0,0,0.0,1,0,0,0,0,0,0,1,,,0,,0.0,1,
1599,5,453,ns=2;i=453,0,1000,1000,2,1,0,0,0.0,1,0,0,0,0,0,0,1,,,0,,0.0,1,
1600,5,454,ns=2;i=454,0,1000,1000,2,1,0,0,0.0,1,0,0,0,0,0,0,1,,,0,,0.0,1,
1601,5,455,ns=2;i=455,0,1000,1000,2,1,0,0,0.0,1,0,0,0,0,0,0,1,,,0,,0.0,1,
1602,5,456,ns=2;i=456,0,1000,1000,2,1,0,0,0.0,1,0,0,0,0,0,0,1,,,0,,0.0,1,
1603,5,457,ns=2;i=457,0,1000,1000,2,1,0,0,0.0,1,0,0,0,0,0,0,1,,,0,,0.0,1,
1604,5,458,ns=2;i=458,0,1000,1000,2,1,0,0,0.0,1,0,0,0,0,0,0,1,,,0,,0.0,1,
1605,5,459,ns=2;i=459,0,1000,1000,2,1,0,0,0.0,1,0,0,0,0,0,0,1,,,0,,0.0,1,
1606,5,460,ns=2;i=460,0,1000,1000,2,1,0,0,0.0,1,0,0,0,0,0,0,1,,,0,,0.0,1,
1607,5,461,ns=2;i=461,0,1000,1000,2,1,0,0,0.0,1,0,0,0,0,0,0,1,,,0,,0.0,1,
1608,5,462,ns=2;i=462,0,1000,1000,2,1,0,0,0.0,1,0,0,0,0,0,0,1,,,0,,0.0,1,
1609,5,463,ns=2;i=463,0,1000,1000,2,1,0,0,0.0,1,0,0,0,0,0,0,1,,,0,,0.0,1,
1610,5,464,ns=2;i=464,0,1000,1000,2,1,0,0,0.0,1,0,0,0,0,0,0,1,,,0,,0.0,1,
1611,5,465,ns=2;i=465,0,1000,1000,2,1,0,0,0.0,1,0,0,0,0,0,0,1,,,0,,0.0,1,
1612,5,466,ns=2;i=466,0,1000,1000,2,1,0,0,0.0,1,0,0,0,0,0,0,1,,,0,,0.0,1,
1613,5,467,ns=2;i=467,0,1000,1000,2,1,0,0,0.0,1,0,0,0,0,0,0,1,,,0,,0.0,1,
1614,5,468,ns=2;i=468,0,1000,1000,2,1,0,0,0.0,1,0,0,0,0,0,0,1,,,0,,0.0,1,
1615,5,469,ns=2;i=469,0,1000,1000,2,1,0,0,0.0,1,0,0,0,0,0,0,1,,,0,,0.0,1,
1616,5,470,ns=2;i=470,0,1000,1000,2,1,0,0,0.0,1,0,0,0,0,0,0,1,,,0,,0.0,1,
1617,5,471,ns=2;i=471,0,1000,1000,2,1,0,0,0.0,1,0,0,0,0,0,0,1,,,0,,0.0,1,
1618,5,472,ns=2;i=472,0,1000,1000,2,1,0,0,0.0,1,0,0,0,0,0,0,1,,,0,,0.0,1,
1619,5,473,ns=2;i=473,0,1000,1000,2,1,0,0,0.0,1,0,0,0,0,0,0,1,,,0,,0.0,1,
1620,5,474,ns=2;i=474,0,1000,1000,2,1,0,0,0.0,1,0,0,0,0,0,0,1,,,0,,0.0,1,
1621,5,475,ns=2;i=475,0,1000,1000,2,1,0,0,0.0,1,0,0,0,0,0,0,1,,,0,,0.0,1,
1622,5,476,ns=2;i=476,0,1000,1000,2,1,0,0,0.0,1,0,0,0,0,0,0,1,,,0,,0.0,1,
1623,5,477,ns=2;i=477,0,1000,1000,2,1,0,0,0.0,1,0,0,0,0,0,0,1,,,0,,0.0,1,
1624,5,478,ns=2;i=478,0,1000,1000,2,1,0,0,0.0,1,0,0,0,0,0,0,1,,,0,,0.0,1,
1625,5,479,ns=2;i=479,0,1000,1000,2,1,0,0,0.0,1,0,0,0,0,0,0,1,,,0,,0.0,1,
1626,5,480,ns=2;i=480,0,1000,1000,2,1,0,0,0.0,1,0,0,0,0,0,0,1,,,0,,0.0,1,
1627,5,481,ns=2;i=481,0,1000,1000,2,1,0,0,0.0,1,0,0,0,0,0,0,1,,,0,,0.0,1,
1628,5,482,ns=2;i=482,0,1000,1000,2,1,0,0,0.0,1,0,0,0,0,0,0,1,,,0,,0.0,1,
1629,5,483,ns=2;i=483,0,1000,1000,2,1,0,0,0.0,1,0,0,0,0,0,0,1,,,0,,0.0,1,
1630,5,484,ns=2;i=484,0,1000,1000,2,1,0,0,0.0,1,0,0,0,0,0,0,1,,,0,,0.0,1,
1631,5,485,ns=2;i=485,0,1000,1000,2,1,0,0,0.0,1,0,0,0,0,0,0,1,,,0,,0.0,1,
1632,5,486,ns=2;i=486,0,1000,1000,2,1,0,0,0.0,1,0,0,0,0,0,0,1,,,0,,0.0,1,
1633,5,487,ns=2;i=487,0,1000,1000,2,1,0,0,0.0,1,0,0,0,0,0,0,1,,,0,,0.0,1,
1634,5,488,ns=2;i=488,0,1000,1000,2,1,0,0,0.0,1,0,0,0,0,0,0,1,,,0,,0.0,1,
1635,5,489,ns=2;i=489,0,1000,1000,2,1,0,0,0.0,1,0,0,0,0,0,0,1,,,0,,0.0,1,
1636,5,490,ns=2;i=490,0,1000,1000,2,1,0,0,0.0,1,0,0,0,0,0,0,1,,,0,,0.0,1,
1637,5,491,ns=2;i=491,0,1000,1000,2,1,0,0,0.0,1,0,0,0,0,0,0,1,,,0,,0.0,1,
1638,5,492,ns=2;i=492,0,1000,1000,2,1,0,0,0.0,1,0,0,0,0,0,0,1,,,0,,0.0,1,
1639,5,493,ns=2;i=493,0,1000,1000,2,1,0,0,0.0,1,0,0,0,0,0,0,1,,,0,,0.0,1,
1640,5,494,ns=2;i=494,0,1000,1000,2,1,0,0,0.0,1,0,0,0,0,0,0,1,,,0,,0.0,1,
1641,5,495,ns=2;i=495,0,1000,1000,2,1,0,0,0.0,1,0,0,0,0,0,0,1,,,0,,0.0,1,
1642,5,496,ns=2;i=496,0,1000,1000,2,1,0,0,0.0,1,0,0,0,0,0,0,1,,,0,,0.0,1,
1643,5,497,ns=2;i=497,0,1000,1000,2,1,0,0,0.0,1,0,0,0,0,0,0,1,,,0,,0.0,1,
1644,5,498,ns=2;i=498,0,1000,1000,2,1,0,0,0.0,1,0,0,0,0,0,0,1,,,0,,0.0,1,
1645,5,499,ns=2;i=499,0,1000,1000,2,1,0,0,0.0,1,0,0,0,0,0,0,1,,,0,,0.0,1,
1646,5,500,ns=2;i=500,0,1000,1000,2,1,0,0,0.0,1,0,0,0,0,0,0,1,,,0,,0.0,1,
1647,5,501,ns=2;i=501,0,1000,1000,2,1,0,0,0.0,1,0,0,0,0,0,0,1,,,0,,0.0,1,
1648,5,502,ns=2;i=502,0,1000,1000,2,1,0,0,0.0,1,0,0,0,0,0,0,1,,,0,,0.0,1,
1649,5,503,ns=2;i=503,0,1000,1000,2,1,0,0,0.0,1,0,0,0,0,0,0,1,,,0,,0.0,1,
1650,5,504,ns=2;i=504,0,1000,1000,2,1,0,0,0.0,1,0,0,0,0,0,0,1,,,0,,0.0,1,
1651,5,505,ns=2;i=505,0,1000,1000,2,1,0,0,0.0,1,0,0,0,0,0,0,1,,,0,,0.0,1,
1652,5,506,ns=2;i=506,0,1000,1000,2,1,0,0,0.0,1,0,0,0,0,0,0,1,,,0,,0.0,1,
1653,5,507,ns=2;i=507,0,1000,1000,2,1,0,0,0.0,1,0,0,0,0,0,0,1,,,0,,0.0,1,
1654,5,508,ns=2;i=508,0,1000,1000,2,1,0,0,0.0,1,0,0,0,0,0,0,1,,,0,,0.0,1,
1655,5,509,ns=2;i=509,0,1000,1000,2,1,0,0,0.0,1,0,0,0,0,0,0,1,,,0,,0.0,1,
1656,5,510,ns=2;i=510,0,1000,1000,2,1,0,0,0.0,1,0,0,0,0,0,0,1,,,0,,0.0,1,
1657,5,511,ns=2;i=511,0,1000,1000,2,1,0,0,0.0,1,0,0,0,0,0,0,1,,,0,,0.0,1,
1658,5,512,ns=2;i=512,0,1000,1000,2,1,0,0,0.0,1,0,0,0,0,0,0,1,,,0,,0.0,1,
1659,5,513,ns=2;i=513,0,1000,1000,2,1,0,0,0.0,1,0,0,0,0,0,0,1,,,0,,0.0,1,
1660,5,514,ns=2;i=514,0,1000,1000,2,1,0,0,0.0,1,0,0,0,0,0,0,1,,,0,,0.0,1,
1661,5,515,ns=2;i=515,0,1000,1000,2,1,0,0,0.0,1,0,0,0,0,0,0,1,,,0,,0.0,1,
1662,5,516,ns=2;i=516,0,1000,1000,2,1,0,0,0.0,1,0,0,0,0,0,0,1,,,0,,0.0,1,
1663,5,517,ns=2;i=517,0,1000,1000,2,1,0,0,0.0,1,0,0,0,0,0,0,1,,,0,,0.0,1,
1664,5,518,ns=2;i=518,0,1000,1000,2,1,0,0,0.0,1,0,0,0,0,0,0,1,,,0,,0.0,1,
1665,5,519,ns=2;i=519,0,1000,1000,2,1,0,0,0.0,1,0,0,0,0,0,0,1,,,0,,0.0,1,
1666,5,520,ns=2;i=520,0,1000,1000,2,1,0,0,0.0,1,0,0,0,0,0,0,1,,,0,,0.0,1,
1667,5,521,ns=2;i=521,0,1000,1000,2,1,0,0,0.0,1,0,0,0,0,0,0,1,,,0,,0.0,1,
1668,5,522,ns=2;i=522,0,1000,1000,2,1,0,0,0.0,1,0,0,0,0,0,0,1,,,0,,0.0,1,
1669,5,523,ns=2;i=523,0,1000,1000,2,1,0,0,0.0,1,0,0,0,0,0,0,1,,,0,,0.0,1,
1670,5,524,ns=2;i=524,0,1000,1000,2,1,0,0,0.0,1,0,0,0,0,0,0,1,,,0,,0.0,1,
1671,5,525,ns=2;i=525,0,1000,1000,2,1,0,0,0.0,1,0,0,0,0,0,0,1,,,0,,0.0,1,
1672,5,526,ns=2;i=526,0,1000,1000,2,1,0,0,0.0,1,0,0,0,0,0,0,1,,,0,,0.0,1,
1673,5,527,ns=2;i=527,0,1000,1000,2,1,0,0,0.0,1,0,0,0,0,0,0,1,,,0,,0.0,1,
1674,5,528,ns=2;i=528,0,1000,1000,2,1,0,0,0.0,1,0,0,0,0,0,0,1,,,0,,0.0,1,
1675,5,529,ns=2;i=529,0,1000,1000,2,1,0,0,0.0,1,0,0,0,0,0,0,1,,,0,,0.0,1,
1676,5,530,ns=2;i=530,0,1000,1000,2,1,0,0,0.0,1,0,0,0,0,0,0,1,,,0,,0.0,1,
1677,5,531,ns=2;i=531,0,1000,1000,2,1,0,0,0.0,1,0,0,0,0,0,0,1,,,0,,0.0,1,
1678,5,532,ns=2;i=532,0,1000,1000,2,1,0,0,0.0,1,0,0,0,0,0,0,1,,,0,,0.0,1,
1679,5,533,ns=2;i=533,0,1000,1000,2,1,0,0,0.0,1,0,0,0,0,0,0,1,,,0,,0.0,1,
1680,5,534,ns=2;i=534,0,1000,1000,2,1,0,0,0.0,1,0,0,0,0,0,0,1,,,0,,0.0,1,
1681,5,535,ns=2;i=535,0,1000,1000,2,1,0,0,0.0,1,0,0,0,0,0,0,1,,,0,,0.0,1,
1682,5,536,ns=2;i=536,0,1000,1000,2,1,0,0,0.0,1,0,0,0,0,0,0,1,,,0,,0.0,1,
1683,5,537,ns=2;i=537,0,1000,1000,2,1,0,0,0.0,1,0,0,0,0,0,0,1,,,0,,0.0,1,
1684,5,538,ns=2;i=538,0,1000,1000,2,1,0,0,0.0,1,0,0,0,0,0,0,1,,,0,,0.0,1,
1685,5,539,ns=2;i=539,0,1000,1000,2,1,0,0,0.0,1,0,0,0,0,0,0,1,,,0,,0.0,1,
1686,5,540,ns=2;i=540,0,1000,1000,2,1,0,0,0.0,1,0,0,0,0,0,0,1,,,0,,0.0,1,
1687,5,541,ns=2;i=541,0,1000,1000,2,1,0,0,0.0,1,0,0,0,0,0,0,1,,,0,,0.0,1,
1688,5,542,ns=2;i=542,0,1000,1000,2,1,0,0,0.0,1,0,0,0,0,0,0,1,,,0,,0.0,1,
1689,5,543,ns=2;i=543,0,1000,1000,2,1,0,0,0.0,1,0,0,0,0,0,0,1,,,0,,0.0,1,
1690,5,544,ns=2;i=544,0,1000,1000,2,1,0,0,0.0,1,0,0,0,0,0,0,1,,,0,,0.0,1,
1691,5,545,ns=2;i=545,0,1000,1000,2,1,0,0,0.0,1,0,0,0,0,0,0,1,,,0,,0.0,1,
1692,5,546,ns=2;i=546,0,1000,1000,2,1,0,0,0.0,1,0,0,0,0,0,0,1,,,0,,0.0,1,
1693,5,547,ns=2;i=547,0,1000,1000,2,1,0,0,0.0,1,0,0,0,0,0,0,1,,,0,,0.0,1,
1694,5,548,ns=2;i=548,0,1000,1000,2,1,0,0,0.0,1,0,0,0,0,0,0,1,,,0,,0.0,1,
1695,5,549,ns=2;i=549,0,1000,1000,2,1,0,0,0.0,1,0,0,0,0,0,0,1,,,0,,0.0,1,
1696,5,550,ns=2;i=550,0,1000,1000,2,1,0,0,0.0,1,0,0,0,0,0,0,1,,,0,,0.0,1,
1697,5,551,ns=2;i=551,0,1000,1000,2,1,0,0,0.0,1,0,0,0,0,0,0,1,,,0,,0.0,1,
1698,5,552,ns=2;i=552,0,1000,1000,2,1,0,0,0.0,1,0,0,0,0,0,0,1,,,0,,0.0,1,
1699,5,553,ns=2;i=553,0,1000,1000,2,1,0,0,0.0,1,0,0,0,0,0,0,1,,,0,,0.0,1,
1700,5,554,ns=2;i=554,0,1000,1000,2,1,0,0,0.0,1,0,0,0,0,0,0,1,,,0,,0.0,1,
1701,5,555,ns=2;i=555,0,1000,1000,2,1,0,0,0.0,1,0,0,0,0,0,0,1,,,0,,0.0,1,
1702,5,556,ns=2;i=556,0,1000,1000,2,1,0,0,0.0,1,0,0,0,0,0,0,1,,,0,,0.0,1,
1703,5,557,ns=2;i=557,0,1000,1000,2,1,0,0,0.0,1,0,0,0,0,0,0,1,,,0,,0.0,1,
1704,5,558,ns=2;i=558,0,1000,1000,2,1,0,0,0.0,1,0,0,0,0,0,0,1,,,0,,0.0,1,
1705,5,559,ns=2;i=559,0,1000,1000,2,1,0,0,0.0,1,0,0,0,0,0,0,1,,,0,,0.0,1,
1706,5,560,ns=2;i=560,0,1000,1000,2,1,0,0,0.0,1,0,0,0,0,0,0,1,,,0,,0.0,1,
1707,5,561,ns=2;i=561,0,1000,1000,2,1,0,0,0.0,1,0,0,0,0,0,0,1,,,0,,0.0,1,
1708,5,562,ns=2;i=562,0,1000,1000,2,1,0,0,0.0,1,0,0,0,0,0,0,1,,,0,,0.0,1,
1709,5,563,ns=2;i=563,0,1000,1000,2,1,0,0,0.0,1,0,0,0,0,0,0,1,,,0,,0.0,1,
1710,5,564,ns=2;i=564,0,1000,1000,2,1,0,0,0.0,1,0,0,0,0,0,0,1,,,0,,0.0,1,
1711,5,565,ns=2;i=565,0,1000,1000,2,1,0,0,0.0,1,0,0,0,0,0,0,1,,,0,,0.0,1,
1712,5,566,ns=2;i=566,0,1000,1000,2,1,0,0,0.0,1,0,0,0,0,0,0,1,,,0,,0.0,1,
1713,5,567,ns=2;i=567,0,1000,1000,2,1,0,0,0.0,1,0,0,0,0,0,0,1,,,0,,0.0,1,
1714,5,568,ns=2;i=568,0,1000,1000,2,1,0,0,0.0,1,0,0,0,0,0,0,1,,,0,,0.0,1,
1715,5,569,ns=2;i=569,0,1000,1000,2,1,0,0,0.0,1,0,0,0,0,0,0,1,,,0,,0.0,1,
1716,5,570,ns=2;i=570,0,1000,1000,2,1,0,0,0.0,1,0,0,0,0,0,0,1,,,0,,0.0,1,
1717,5,571,ns=2;i=571,0,1000,1000,2,1,0,0,0.0,1,0,0,0,0,0,0,1,,,0,,0.0,1,
1718,5,572,ns=2;i=572,0,1000,1000,2,1,0,0,0.0,1,0,0,0,0,0,0,1,,,0,,0.0,1,
1719,5,573,ns=2;i=573,0,1000,1000,2,1,0,0,0.0,1,0,0,0,0,0,0,1,,,0,,0.0,1,
1720,5,574,ns=2;i=574,0,1000,1000,2,1,0,0,0.0,1,0,0,0,0,0,0,1,,,0,,0.0,1,
1721,5,575,ns=2;i=575,0,1000,1000,2,1,0,0,0.0,1,0,0,0,0,0,0,1,,,0,,0.0,1,
1722,5,576,ns=2;i=576,0,1000,1000,2,1,0,0,0.0,1,0,0,0,0,0,0,1,,,0,,0.0,1,
1723,5,577,ns=2;i=577,0,1000,1000,2,1,0,0,0.0,1,0,0,0,0,0,0,1,,,0,,0.0,1,
1724,5,578,ns=2;i=578,0,1000,1000,2,1,0,0,0.0,1,0,0,0,0,0,0,1,,,0,,0.0,1,
1725,5,579,ns=2;i=579,0,1000,1000,2,1,0,0,0.0,1,0,0,0,0,0,0,1,,,0,,0.0,1,
1726,5,580,ns=2;i=580,0,1000,1000,2,1,0,0,0.0,1,0,0,0,0,0,0,1,,,0,,0.0,1,
1727,5,581,ns=2;i=581,0,1000,1000,2,1,0,0,0.0,1,0,0,0,0,0,0,1,,,0,,0.0,1,
1728,5,582,ns=2;i=582,0,1000,1000,2,1,0,0,0.0,1,0,0,0,0,0,0,1,,,0,,0.0,1,
1729,5,583,ns=2;i=583,0,1000,1000,2,1,0,0,0.0,1,0,0,0,0,0,0,1,,,0,,0.0,1,
1730,5,584,ns=2;i=584,0,1000,1000,2,1,0,0,0.0,1,0,0,0,0,0,0,1,,,0,,0.0,1,
1731,5,585,ns=2;i=585,0,1000,1000,2,1,0,0,0.0,1,0,0,0,0,0,0,1,,,0,,0.0,1,
1732,5,586,ns=2;i=586,0,1000,1000,2,1,0,0,0.0,1,0,0,0,0,0,0,1,,,0,,0.0,1,
1733,5,587,ns=2;i=587,0,1000,1000,2,1,0,0,0.0,1,0,0,0,0,0,0,1,,,0,,0.0,1,
1734,5,588,ns=2;i=588,0,1000,1000,2,1,0,0,0.0,1,0,0,0,0,0,0,1,,,0,,0.0,1,
1735,5,589,ns=2;i=589,0,1000,1000,2,1,0,0,0.0,1,0,0,0,0,0,0,1,,,0,,0.0,1,
1736,5,590,ns=2;i=590,0,1000,1000,2,1,0,0,0.0,1,0,0,0,0,0,0,1,,,0,,0.0,1,
1737,5,591,ns=2;i=591,0,1000,1000,2,1,0,0,0.0,1,0,0,0,0,0,0,1,,,0,,0.0,1,
1738,5,592,ns=2;i=592,0,1000,1000,2,1,0,0,0.0,1,0,0,0,0,0,0,1,,,0,,0.0,1,
1739,5,593,ns=2;i=593,0,1000,1000,2,1,0,0,0.0,1,0,0,0,0,0,0,1,,,0,,0.0,1,
1740,5,594,ns=2;i=594,0,1000,1000,2,1,0,0,0.0,1,0,0,0,0,0,0,1,,,0,,0.0,1,
1741,5,595,ns=2;i=595,0,1000,1000,2,1,0,0,0.0,1,0,0,0,0,0,0,1,,,0,,0.0,1,
1742,5,596,ns=2;i=596,0,1000,1000,2,1,0,0,0.0,1,0,0,0,0,0,0,1,,,0,,0.0,1,
1743,5,597,ns=2;i=597,0,1000,1000,2,1,0,0,0.0,1,0,0,0,0,0,0,1,,,0,,0.0,1,
1744,5,598,ns=2;i=598,0,1000,1000,2,1,0,0,0.0,1,0,0,0,0,0,0,1,,,0,,0.0,1,
1745,5,599,ns=2;i=599,0,1000,1000,2,1,0,0,0.0,1,0,0,0,0,0,0,1,,,0,,0.0,1,
1746,5,600,ns=2;i=600,0,1000,1000,2,1,0,0,0.0,1,0,0,0,0,0,0,1,,,0,,0.0,1,
1747,5,601,ns=2;i=601,0,1000,1000,2,1,0,0,0.0,1,0,0,0,0,0,0,1,,,0,,0.0,1,
1748,5,602,ns=2;i=602,0,1000,1000,2,1,0,0,0.0,1,0,0,0,0,0,0,1,,,0,,0.0,1,
1749,5,603,ns=2;i=603,0,1000,1000,2,1,0,0,0.0,1,0,0,0,0,0,0,1,,,0,,0.0,1,
1750,5,604,ns=2;i=604,0,1000,1000,2,1,0,0,0.0,1,0,0,0,0,0,0,1,,,0,,0.0,1,
1751,5,605,ns=2;i=605,0,1000,1000,2,1,0,0,0.0,1,0,0,0,0,0,0,1,,,0,,0.0,1,
1752,5,606,ns=2;i=606,0,1000,1000,2,1,0,0,0.0,1,0,0,0,0,0,0,1,,,0,,0.0,1,
1753,5,607,ns=2;i=607,0,1000,1000,2,1,0,0,0.0,1,0,0,0,0,0,0,1,,,0,,0.0,1,
1754,5,608,ns=2;i=608,0,1000,1000,2,1,0,0,0.0,1,0,0,0,0,0,0,1,,,0,,0.0,1,
1755,5,609,ns=2;i=609,0,1000,1000,2,1,0,0,0.0,1,0,0,0,0,0,0,1,,,0,,0.0,1,
1756,5,610,ns=2;i=610,0,1000,1000,2,1,0,0,0.0,1,0,0,0,0,0,0,1,,,0,,0.0,1,
1757,5,611,ns=2;i=611,0,1000,1000,2,1,0,0,0.0,1,0,0,0,0,0,0,1,,,0,,0.0,1,
1758,5,612,ns=2;i=612,0,1000,1000,2,1,0,0,0.0,1,0,0,0,0,0,0,1,,,0,,0.0,1,
1759,5,613,ns=2;i=613,0,1000,1000,2,1,0,0,0.0,1,0,0,0,0,0,0,1,,,0,,0.0,1,
1760,5,614,ns=2;i=614,0,1000,1000,2,1,0,0,0.0,1,0,0,0,0,0,0,1,,,0,,0.0,1,
1761,5,615,ns=2;i=615,0,1000,1000,2,1,0,0,0.0,1,0,0,0,0,0,0,1,,,0,,0.0,1,
1762,5,616,ns=2;i=616,0,1000,1000,2,1,0,0,0.0,1,0,0,0,0,0,0,1,,,0,,0.0,1,
1763,5,617,ns=2;i=617,0,1000,1000,2,1,0,0,0.0,1,0,0,0,0,0,0,1,,,0,,0.0,1,
1764,5,618,ns=2;i=618,0,1000,1000,2,1,0,0,0.0,1,0,0,0,0,0,0,1,,,0,,0.0,1,
1765,5,619,ns=2;i=619,0,1000,1000,2,1,0,0,0.0,1,0,0,0,0,0,0,1,,,0,,0.0,1,
1766,5,620,ns=2;i=620,0,1000,1000,2,1,0,0,0.0,1,0,0,0,0,0,0,1,,,0,,0.0,1,
1767,5,621,ns=2;i=621,0,1000,1000,2,1,0,0,0.0,1,0,0,0,0,0,0,1,,,0,,0.0,1,
1768,5,622,ns=2;i=622,0,1000,1000,2,1,0,0,0.0,1,0,0,0,0,0,0,1,,,0,,0.0,1,
1769,5,623,ns=2;i=623,0,1000,1000,2,1,0,0,0.0,1,0,0,0,0,0,0,1,,,0,,0.0,1,
1770,5,624,ns=2;i=624,0,1000,1000,2,1,0,0,0.0,1,0,0,0,0,0,0,1,,,0,,0.0,1,
1771,5,625,ns=2;i=625,0,1000,1000,2,1,0,0,0.0,1,0,0,0,0,0,0,1,,,0,,0.0,1,
1772,5,626,ns=2;i=626,0,1000,1000,2,1,0,0,0.0,1,0,0,0,0,0,0,1,,,0,,0.0,1,
1773,5,627,ns=2;i=627,0,1000,1000,2,1,0,0,0.0,1,0,0,0,0,0,0,1,,,0,,0.0,1,
1774,5,628,ns=2;i=628,0,1000,1000,2,1,0,0,0.0,1,0,0,0,0,0,0,1,,,0,,0.0,1,
1775,5,629,ns=2;i=629,0,1000,1000,2,1,0,0,0.0,1,0,0,0,0,0,0,1,,,0,,0.0,1,
1776,5,630,ns=2;i=630,0,1000,1000,2,1,0,0,0.0,1,0,0,0,0,0,0,1,,,0,,0.0,1,
1777,5,631,ns=2;i=631,0,1000,1000,2,1,0,0,0.0,1,0,0,0,0,0,0,1,,,0,,0.0,1,
1778,5,632,ns=2;i=632,0,1000,1000,2,1,0,0,0.0,1,0,0,0,0,0,0,1,,,0,,0.0,1,
1779,5,633,ns=2;i=633,0,1000,1000,2,1,0,0,0.0,1,0,0,0,0,0,0,1,,,0,,0.0,1,
1780,5,634,ns=2;i=634,0,1000,1000,2,1,0,0,0.0,1,0,0,0,0,0,0,1,,,0,,0.0,1,
1781,5,635,ns=2;i=635,0,1000,1000,2,1,0,0,0.0,1,0,0,0,0,0,0,1,,,0,,0.0,1,
1782,5,636,ns=2;i=636,0,1000,1000,2,1,0,0,0.0,1,0,0,0,0,0,0,1,,,0,,0.0,1,
1783,5,637,ns=2;i=637,0,1000,1000,2,1,0,0,0.0,1,0,0,0,0,0,0,1,,,0,,0.0,1,
1784,5,638,ns=2;i=638,0,1000,1000,2,1,0,0,0.0,1,0,0,0,0,0,0,1,,,0,,0.0,1,
1785,5,639,ns=2;i=639,0,1000,1000,2,1,0,0,0.0,1,0,0,0,0,0,0,1,,,0,,0.0,1,
1786,5,640,ns=2;i=640,0,1000,1000,2,1,0,0,0.0,1,0,0,0,0,0,0,1,,,0,,0.0,1,
1787,5,641,ns=2;i=641,0,1000,1000,2,1,0,0,0.0,1,0,0,0,0,0,0,1,,,0,,0.0,1,
1788,5,642,ns=2;i=642,0,1000,1000,2,1,0,0,0.0,1,0,0,0,0,0,0,1,,,0,,0.0,1,
1789,5,643,ns=2;i=643,0,1000,1000,2,1,0,0,0.0,1,0,0,0,0,0,0,1,,,0,,0.0,1,
1790,5,644,ns=2;i=644,0,1000,1000,2,1,0,0,0.0,1,0,0,0,0,0,0,1,,,0,,0.0,1,
1791,5,645,ns=2;i=645,0,1000,1000,2,1,0,0,0.0,1,0,0,0,0,0,0,1,,,0,,0.0,1,
1792,5,646,ns=2;i=646,0,1000,1000,2,1,0,0,0.0,1,0,0,0,0,0,0,1,,,0,,0.0,1,
1793,5,647,ns=2;i=647,0,1000,1000,2,1,0,0,0.0,1,0,0,0,0,0,0,1,,,0,,0.0,1,
1794,5,648,ns=2;i=648,0,1000,1000,2,1,0,0,0.0,1,0,0,0,0,0,0,1,,,0,,0.0,1,
1795,5,649,ns=2;i=649,0,1000,1000,2,1,0,0,0.0,1,0,0,0,0,0,0,1,,,0,,0.0,1,
1796,5,650,ns=2;i=650,0,1000,1000,2,1,0,0,0.0,1,0,0,0,0,0,0,1,,,0,,0.0,1,
1797,5,651,ns=2;i=651,0,1000,1000,2,1,0,0,0.0,1,0,0,0,0,0,0,1,,,0,,0.0,1,
1798,5,652,ns=2;i=652,0,1000,1000,2,1,0,0,0.0,1,0,0,0,0,0,0,1,,,0,,0.0,1,
1799,5,653,ns=2;i=653,0,1000,1000,2,1,0,0,0.0,1,0,0,0,0,0,0,1,,,0,,0.0,1,
1800,5,654,ns=2;i=654,0,1000,1000,2,1,0,0,0.0,1,0,0,0,0,0,0,1,,,0,,0.0,1,
1801,5,655,ns=2;i=655,0,1000,1000,2,1,0,0,0.0,1,0,0,0,0,0,0,1,,,0,,0.0,1,
1802,5,656,ns=2;i=656,0,1000,1000,2,1,0,0,0.0,1,0,0,0,0,0,0,1,,,0,,0.0,1,
1803,5,657,ns=2;i=657,0,1000,1000,2,1,0,0,0.0,1,0,0,0,0,0,0,1,,,0,,0.0,1,
1804,5,658,ns=2;i=658,0,1000,1000,2,1,0,0,0.0,1,0,0,0,0,0,0,1,,,0,,0.0,1,
1805,5,659,ns=2;i=659,0,1000,1000,2,1,0,0,0.0,1,0,0,0,0,0,0,1,,,0,,0.0,1,
1806,5,660,ns=2;i=660,0,1000,1000,2,1,0,0,0.0,1,0,0,0,0,0,0,1,,,0,,0.0,1,
1807,5,661,ns=2;i=661,0,1000,1000,2,1,0,0,0.0,1,0,0,0,0,0,0,1,,,0,,0.0,1,
1808,5,662,ns=2;i=662,0,1000,1000,2,1,0,0,0.0,1,0,0,0,0,0,0,1,,,0,,0.0,1,
1809,5,663,ns=2;i=663,0,1000,1000,2,1,0,0,0.0,1,0,0,0,0,0,0,1,,,0,,0.0,1,
1810,5,664,ns=2;i=664,0,1000,1000,2,1,0,0,0.0,1,0,0,0,0,0,0,1,,,0,,0.0,1,
1811,5,665,ns=2;i=665,0,1000,1000,2,1,0,0,0.0,1,0,0,0,0,0,0,1,,,0,,0.0,1,
1812,5,666,ns=2;i=666,0,1000,1000,2,1,0,0,0.0,1,0,0,0,0,0,0,1,,,0,,0.0,1,
1813,5,667,ns=2;i=667,0,1000,1000,2,1,0,0,0.0,1,0,0,0,0,0,0,1,,,0,,0.0,1,
1814,5,668,ns=2;i=668,0,1000,1000,2,1,0,0,0.0,1,0,0,0,0,0,0,1,,,0,,0.0,1,
1815,5,669,ns=2;i=669,0,1000,1000,2,1,0,0,0.0,1,0,0,0,0,0,0,1,,,0,,0.0,1,
1816,5,670,ns=2;i=670,0,1000,1000,2,1,0,0,0.0,1,0,0,0,0,0,0,1,,,0,,0.0,1,
1817,5,671,ns=2;i=671,0,1000,1000,2,1,0,0,0.0,1,0,0,0,0,0,0,1,,,0,,0.0,1,
1818,5,672,ns=2;i=672,0,1000,1000,2,1,0,0,0.0,1,0,0,0,0,0,0,1,,,0,,0.0,1,
1819,5,673,ns=2;i=673,0,1000,1000,2,1,0,0,0.0,1,0,0,0,0,0,0,1,,,0,,0.0,1,
1820,5,674,ns=2;i=674,0,1000,1000,2,1,0,0,0.0,1,0,0,0,0,0,0,1,,,0,,0.0,1,
1821,5,675,ns=2;i=675,0,1000,1000,2,1,0,0,0.0,1,0,0,0,0,0,0,1,,,0,,0.0,1,
1822,5,676,ns=2;i=676,0,1000,1000,2,1,0,0,0.0,1,0,0,0,0,0,0,1,,,0,,0.0,1,
1823,5,677,ns=2;i=677,0,1000,1000,2,1,0,0,0.0,1,0,0,0,0,0,0,1,,,0,,0.0,1,
1824,5,678,ns=2;i=678,0,1000,1000,2,1,0,0,0.0,1,0,0,0,0,0,0,1,,,0,,0.0,1,
1825,5,679,ns=2;i=679,0,1000,1000,2,1,0,0,0.0,1,0,0,0,0,0,0,1,,,0,,0.0,1,
1826,5,680,ns=2;i=680,0,1000,1000,2,1,0,0,0.0,1,0,0,0,0,0,0,1,,,0,,0.0,1,
1827,5,681,ns=2;i=681,0,1000,1000,2,1,0,0,0.0,1,0,0,0,0,0,0,1,,,0,,0.0,1,
1828,5,682,ns=2;i=682,0,1000,1000,2,1,0,0,0.0,1,0,0,0,0,0,0,1,,,0,,0.0,1,
1829,5,683,ns=2;i=683,0,1000,1000,2,1,0,0,0.0,1,0,0,0,0,0,0,1,,,0,,0.0,1,
1830,5,684,ns=2;i=684,0,1000,1000,2,1,0,0,0.0,1,0,0,0,0,0,0,1,,,0,,0.0,1,
1831,5,685,ns=2;i=685,0,1000,1000,2,1,0,0,0.0,1,0,0,0,0,0,0,1,,,0,,0.0,1,
1832,5,686,ns=2;i=686,0,1000,1000,2,1,0,0,0.0,1,0,0,0,0,0,0,1,,,0,,0.0,1,
1833,5,687,ns=2;i=687,0,1000,1000,2,1,0,0,0.0,1,0,0,0,0,0,0,1,,,0,,0.0,1,
1834,5,688,ns=2;i=688,0,1000,1000,2,1,0,0,0.0,1,0,0,0,0,0,0,1,,,0,,0.0,1,
1835,5,689,ns=2;i=689,0,1000,1000,2,1,0,0,0.0,1,0,0,0,0,0,0,1,,,0,,0.0,1,
1836,5,690,ns=2;i=690,0,1000,1000,2,1,0,0,0.0,1,0,0,0,0,0,0,1,,,0,,0.0,1,
1837,5,691,ns=2;i=691,0,1000,1000,2,1,0,0,0.0,1,0,0,0,0,0,0,1,,,0,,0.0,1,
1838,5,692,ns=2;i=692,0,1000,1000,2,1,0,0,0.0,1,0,0,0,0,0,0,1,,,0,,0.0,1,
1839,5,693,ns=2;i=693,0,1000,1000,2,1,0,0,0.0,1,0,0,0,0,0,0,1,,,0,,0.0,1,
1840,5,694,ns=2;i=694,0,1000,1000,2,1,0,0,0.0,1,0,0,0,0,0,0,1,,,0,,0.0,1,
1841,5,695,ns=2;i=695,0,1000,1000,2,1,0,0,0.0,1,0,0,0,0,0,0,1,,,0,,0.0,1,
1842,5,696,ns=2;i=696,0,1000,1000,2,1,0,0,0.0,1,0,0,0,0,0,0,1,,,0,,0.0,1,
1843,5,697,ns=2;i=697,0,1000,1000,2,1,0,0,0.0,1,0,0,0,0,0,0,1,,,0,,0.0,1,
1844,5,698,ns=2;i=698,0,1000,1000,2,1,0,0,0.0,1,0,0,0,0,0,0,1,,,0,,0.0,1,
1845,5,699,ns=2;i=699,0,1000,1000,2,1,0,0,0.0,1,0,0,0,0,0,0,1,,,0,,0.0,1,
1846,5,700,ns=2;i=700,0,1000,1000,2,1,0,0,0.0,1,0,0,0,0,0,0,1,,,0,,0.0,1,
1847,5,701,ns=2;i=701,0,1000,1000,2,1,0,0,0.0,1,0,0,0,0,0,0,1,,,0,,0.0,1,
1848,5,702,ns=2;i=702,0,1000,1000,2,1,0,0,0.0,1,0,0,0,0,0,0,1,,,0,,0.0,1,
1849,5,703,ns=2;i=703,0,1000,1000,2,1,0,0,0.0,1,0,0,0,0,0,0,1,,,0,,0.0,1,
1850,5,704,ns=2;i=704,0,1000,1000,2,1,0,0,0.0,1,0,0,0,0,0,0,1,,,0,,0.0,1,
1851,5,705,ns=2;i=705,0,1000,1000,2,1,0,0,0.0,1,0,0,0,0,0,0,1,,,0,,0.0,1,
1852,5,706,ns=2;i=706,0,1000,1000,2,1,0,0,0.0,1,0,0,0,0,0,0,1,,,0,,0.0,1,
1853,5,707,ns=2;i=707,0,1000,1000,2,1,0,0,0.0,1,0,0,0,0,0,0,1,,,0,,0.0,1,
1854,5,708,ns=2;i=708,0,1000,1000,2,1,0,0,0.0,1,0,0,0,0,0,0,1,,,0,,0.0,1,
1855,5,709,ns=2;i=709,0,1000,1000,2,1,0,0,0.0,1,0,0,0,0,0,0,1,,,0,,0.0,1,
1856,5,710,ns=2;i=710,0,1000,1000,2,1,0,0,0.0,1,0,0,0,0,0,0,1,,,0,,0.0,1,
1857,5,711,ns=2;i=711,0,1000,1000,2,1,0,0,0.0,1,0,0,0,0,0,0,1,,,0,,0.0,1,
1858,5,712,ns=2;i=712,0,1000,1000,2,1,0,0,0.0,1,0,0,0,0,0,0,1,,,0,,0.0,1,
1859,5,713,ns=2;i=713,0,1000,1000,2,1,0,0,0.0,1,0,0,0,0,0,0,1,,,0,,0.0,1,
1860,5,714,ns=2;i=714,0,1000,1000,2,1,0,0,0.0,1,0,0,0,0,0,0,1,,,0,,0.0,1,
1861,5,715,ns=2;i=715,0,1000,1000,2,1,0,0,0.0,1,0,0,0,0,0,0,1,,,0,,0.0,1,
1862,5,716,ns=2;i=716,0,1000,1000,2,1,0,0,0.0,1,0,0,0,0,0,0,1,,,0,,0.0,1,
1863,5,717,ns=2;i=717,0,1000,1000,2,1,0,0,0.0,1,0,0,0,0,0,0,1,,,0,,0.0,1,
1864,5,718,ns=2;i=718,0,1000,1000,2,1,0,0,0.0,1,0,0,0,0,0,0,1,,,0,,0.0,1,
1865,5,719,ns=2;i=719,0,1000,1000,2,1,0,0,0.0,1,0,0,0,0,0,0,1,,,0,,0.0,1,
1866,5,720,ns=2;i=720,0,1000,1000,2,1,0,0,0.0,1,0,0,0,0,0,0,1,,,0,,0.0,1,
1867,5,721,ns=2;i=721,0,1000,1000,2,1,0,0,0.0,1,0,0,0,0,0,0,1,,,0,,0.0,1,
1868,5,722,ns=2;i=722,0,1000,1000,2,1,0,0,0.0,1,0,0,0,0,0,0,1,,,0,,0.0,1,
1869,5,723,ns=2;i=723,0,1000,1000,2,1,0,0,0.0,1,0,0,0,0,0,0,1,,,0,,0.0,1,
1870,5,724,ns=2;i=724,0,1000,1000,2,1,0,0,0.0,1,0,0,0,0,0,0,1,,,0,,0.0,1,
1871,5,725,ns=2;i=725,0,1000,1000,2,1,0,0,0.0,1,0,0,0,0,0,0,1,,,0,,0.0,1,
1872,5,726,ns=2;i=726,0,1000,1000,2,1,0,0,0.0,1,0,0,0,0,0,0,1,,,0,,0.0,1,
1873,5,727,ns=2;i=727,0,1000,1000,2,1,0,0,0.0,1,0,0,0,0,0,0,1,,,0,,0.0,1,
1874,5,728,ns=2;i=728,0,1000,1000,2,1,0,0,0.0,1,0,0,0,0,0,0,1,,,0,,0.0,1,
1875,5,729,ns=2;i=729,0,1000,1000,2,1,0,0,0.0,1,0,0,0,0,0,0,1,,,0,,0.0,1,
1876,5,730,ns=2;i=730,0,1000,1000,2,1,0,0,0.0,1,0,0,0,0,0,0,1,,,0,,0.0,1,
1877,5,731,ns=2;i=731,0,1000,1000,2,1,0,0,0.0,1,0,0,0,0,0,0,1,,,0,,0.0,1,
1878,5,732,ns=2;i=732,0,1000,1000,2,1,0,0,0.0,1,0,0,0,0,0,0,1,,,0,,0.0,1,
1879,5,733,ns=2;i=733,0,1000,1000,2,1,0,0,0.0,1,0,0,0,0,0,0,1,,,0,,0.0,1,
1880,5,734,ns=2;i=734,0,1000,1000,2,1,0,0,0.0,1,0,0,0,0,0,0,1,,,0,,0.0,1,
1881,5,735,ns=2;i=735,0,1000,1000,2,1,0,0,0.0,1,0,0,0,0,0,0,1,,,0,,0.0,1,
1882,5,736,ns=2;i=736,0,1000,1000,2,1,0,0,0.0,1,0,0,0,0,0,0,1,,,0,,0.0,1,
1883,5,737,ns=2;i=737,0,1000,1000,2,1,0,0,0.0,1,0,0,0,0,0,0,1,,,0,,0.0,1,
1884,5,738,ns=2;i=738,0,1000,1000,2,1,0,0,0.0,1,0,0,0,0,0,0,1,,,0,,0.0,1,
1885,5,739,ns=2;i=739,0,1000,1000,2,1,0,0,0.0,1,0,0,0,0,0,0,1,,,0,,0.0,1,
1886,5,740,ns=2;i=740,0,1000,1000,2,1,0,0,0.0,1,0,0,0,0,0,0,1,,,0,,0.0,1,
1887,5,741,ns=2;i=741,0,1000,1000,2,1,0,0,0.0,1,0,0,0,0,0,0,1,,,0,,0.0,1,
1888,5,742,ns=2;i=742,0,1000,1000,2,1,0,0,0.0,1,0,0,0,0,0,0,1,,,0,,0.0,1,
1889,5,743,ns=2;i=743,0,1000,1000,2,1,0,0,0.0,1,0,0,0,0,0,0,1,,,0,,0.0,1,
1890,5,744,ns=2;i=744,0,1000,1000,2,1,0,0,0.0,1,0,0,0,0,0,0,1,,,0,,0.0,1,
1891,5,745,ns=2;i=745,0,1000,1000,2,1,0,0,0.0,1,0,0,0,0,0,0,1,,,0,,0.0,1,
1892,5,746,ns=2;i=746,0,1000,1000,2,1,0,0,0.0,1,0,0,0,0,0,0,1,,,0,,0.0,1,
1893,5,747,ns=2;i=747,0,1000,1000,2,1,0,0,0.0,1,0,0,0,0,0,0,1,,,0,,0.0,1,
1894,5,748,ns=2;i=748,0,1000,1000,2,1,0,0,0.0,1,0,0,0,0,0,0,1,,,0,,0.0,1,
1895,5,749,ns=2;i=749,0,1000,1000,2,1,0,0,0.0,1,0,0,0,0,0,0,1,,,0,,0.0,1,
1896,5,750,ns=2;i=750,0,1000,1000,2,1,0,0,0.0,1,0,0,0,0,0,0,1,,,0,,0.0,1,
1897,5,751,ns=2;i=751,0,1000,1000,2,1,0,0,0.0,1,0,0,0,0,0,0,1,,,0,,0.0,1,
1898,5,752,ns=2;i=752,0,1000,1000,2,1,0,0,0.0,1,0,0,0,0,0,0,1,,,0,,0.0,1,
1899,5,753,ns=2;i=753,0,1000,1000,2,1,0,0,0.0,1,0,0,0,0,0,0,1,,,0,,0.0,1,
1900,5,754,ns=2;i=754,0,1000,1000,2,1,0,0,0.0,1,0,0,0,0,0,0,1,,,0,,0.0,1,
1901,5,755,ns=2;i=755,0,1000,1000,2,1,0,0,0.0,1,0,0,0,0,0,0,1,,,0,,0.0,1,
1902,5,756,ns=2;i=756,0,1000,1000,2,1,0,0,0.0,1,0,0,0,0,0,0,1,,,0,,0.0,1,
1903,5,757,ns=2;i=757,0,1000,1000,2,1,0,0,0.0,1,0,0,0,0,0,0,1,,,0,,0.0,1,
1904,5,758,ns=2;i=758,0,1000,1000,2,1,0,0,0.0,1,0,0,0,0,0,0,1,,,0,,0.0,1,
1905,5,759,ns=2;i=759,0,1000,1000,2,1,0,0,0.0,1,0,0,0,0,0,0,1,,,0,,0.0,1,
1906,5,760,ns=2;i=760,0,1000,1000,2,1,0,0,0.0,1,0,0,0,0,0,0,1,,,0,,0.0,1,
1907,5,761,ns=2;i=761,0,1000,1000,2,1,0,0,0.0,1,0,0,0,0,0,0,1,,,0,,0.0,1,
1908,5,762,ns=2;i=762,0,1000,1000,2,1,0,0,0.0,1,0,0,0,0,0,0,1,,,0,,0.0,1,
1909,5,763,ns=2;i=763,0,1000,1000,2,1,0,0,0.0,1,0,0,0,0,0,0,1,,,0,,0.0,1,
1910,5,764,ns=2;i=764,0,1000,1000,2,1,0,0,0.0,1,0,0,0,0,0,0,1,,,0,,0.0,1,
1911,5,765,ns=2;i=765,0,1000,1000,2,1,0,0,0.0,1,0,0,0,0,0,0,1,,,0,,0.0,1,
1912,5,766,ns=2;i=766,0,1000,1000,2,1,0,0,0.0,1,0,0,0,0,0,0,1,,,0,,0.0,1,
1913,5,767,ns=2;i=767,0,1000,1000,2,1,0,0,0.0,1,0,0,0,0,0,0,1,,,0,,0.0,1,
1914,5,768,ns=2;i=768,0,1000,1000,2,1,0,0,0.0,1,0,0,0,0,0,0,1,,,0,,0.0,1,
1915,5,769,ns=2;i=769,0,1000,1000,2,1,0,0,0.0,1,0,0,0,0,0,0,1,,,0,,0.0,1,
1916,5,770,ns=2;i=770,0,1000,1000,2,1,0,0,0.0,1,0,0,0,0,0,0,1,,,0,,0.0,1,
1917,5,771,ns=2;i=771,0,1000,1000,2,1,0,0,0.0,1,0,0,0,0,0,0,1,,,0,,0.0,1,
1918,5,772,ns=2;i=772,0,1000,1000,2,1,0,0,0.0,1,0,0,0,0,0,0,1,,,0,,0.0,1,
1919,5,773,ns=2;i=773,0,1000,1000,2,1,0,0,0.0,1,0,0,0,0,0,0,1,,,0,,0.0,1,
1920,5,774,ns=2;i=774,0,1000,1000,2,1,0,0,0.0,1,0,0,0,0,0,0,1,,,0,,0.0,1,
1921,5,775,ns=2;i=775,0,1000,1000,2,1,0,0,0.0,1,0,0,0,0,0,0,1,,,0,,0.0,1,
1922,5,776,ns=2;i=776,0,1000,1000,2,1,0,0,0.0,1,0,0,0,0,0,0,1,,,0,,0.0,1,
1923,5,777,ns=2;i=777,0,1000,1000,2,1,0,0,0.0,1,0,0,0,0,0,0,1,,,0,,0.0,1,
1924,5,778,ns=2;i=778,0,1000,1000,2,1,0,0,0.0,1,0,0,0,0,0,0,1,,,0,,0.0,1,
1925,5,779,ns=2;i=779,0,1000,1000,2,1,0,0,0.0,1,0,0,0,0,0,0,1,,,0,,0.0,1,
1926,5,780,ns=2;i=780,0,1000,1000,2,1,0,0,0.0,1,0,0,0,0,0,0,1,,,0,,0.0,1,
1927,5,781,ns=2;i=781,0,1000,1000,2,1,0,0,0.0,1,0,0,0,0,0,0,1,,,0,,0.0,1,
1928,5,782,ns=2;i=782,0,1000,1000,2,1,0,0,0.0,1,0,0,0,0,0,0,1,,,0,,0.0,1,
1929,5,783,ns=2;i=783,0,1000,1000,2,1,0,0,0.0,1,0,0,0,0,0,0,1,,,0,,0.0,1,
1930,5,784,ns=2;i=784,0,1000,1000,2,1,0,0,0.0,1,0,0,0,0,0,0,1,,,0,,0.0,1,
1931,5,785,ns=2;i=785,0,1000,1000,2,1,0,0,0.0,1,0,0,0,0,0,0,1,,,0,,0.0,1,
1932,5,786,ns=2;i=786,0,1000,1000,2,1,0,0,0.0,1,0,0,0,0,0,0,1,,,0,,0.0,1,
1933,5,787,ns=2;i=787,0,1000,1000,2,1,0,0,0.0,1,0,0,0,0,0,0,1,,,0,,0.0,1,
1934,5,788,ns=2;i=788,0,1000,1000,2,1,0,0,0.0,1,0,0,0,0,0,0,1,,,0,,0.0,1,
1935,5,789,ns=2;i=789,0,1000,1000,2,1,0,0,0.0,1,0,0,0,0,0,0,1,,,0,,0.0,1,
1936,5,790,ns=2;i=790,0,1000,1000,2,1,0,0,0.0,1,0,0,0,0,0,0,1,,,0,,0.0,1,
1937,5,791,ns=2;i=791,0,1000,1000,2,1,0,0,0.0,1,0,0,0,0,0,0,1,,,0,,0.0,1,
1938,5,792,ns=2;i=792,0,1000,1000,2,1,0,0,0.0,1,0,0,0,0,0,0,1,,,0,,0.0,1,
1939,5,793,ns=2;i=793,0,1000,1000,2,1,0,0,0.0,1,0,0,0,0,0,0,1,,,0,,0.0,1,
1940,5,794,ns=2;i=794,0,1000,1000,2,1,0,0,0.0,1,0,0,0,0,0,0,1,,,0,,0.0,1,
1941,5,795,ns=2;i=795,0,1000,1000,2,1,0,0,0.0,1,0,0,0,0,0,0,1,,,0,,0.0,1,
1942,5,796,ns=2;i=796,0,1000,1000,2,1,0,0,0.0,1,0,0,0,0,0,0,1,,,0,,0.0,1,
1943,5,797,ns=2;i=797,0,1000,1000,2,1,0,0,0.0,1,0,0,0,0,0,0,1,,,0,,0.0,1,
1944,5,798,ns=2;i=798,0,1000,1000,2,1,0,0,0.0,1,0,0,0,0,0,0,1,,,0,,0.0,1,
1945,5,799,ns=2;i=799,0,1000,1000,2,1,0,0,0.0,1,0,0,0,0,0,0,1,,,0,,0.0,1,
1946,5,800,ns=2;i=800,0,1000,1000,2,1,0,0,0.0,1,0,0,0,0,0,0,1,,,0,,0.0,1,
1947,5,801,ns=2;i=801,0,1000,1000,2,1,0,0,0.0,1,0,0,0,0,0,0,1,,,0,,0.0,1,
1948,5,802,ns=2;i=802,0,1000,1000,2,1,0,0,0.0,1,0,0,0,0,0,0,1,,,0,,0.0,1,
1949,5,803,ns=2;i=803,0,1000,1000,2,1,0,0,0.0,1,0,0,0,0,0,0,1,,,0,,0.0,1,
1950,5,804,ns=2;i=804,0,1000,1000,2,1,0,0,0.0,1,0,0,0,0,0,0,1,,,0,,0.0,1,
1951,5,805,ns=2;i=805,0,1000,1000,2,1,0,0,0.0,1,0,0,0,0,0,0,1,,,0,,0.0,1,
1952,5,806,ns=2;i=806,0,1000,1000,2,1,0,0,0.0,1,0,0,0,0,0,0,1,,,0,,0.0,1,
1953,5,807,ns=2;i=807,0,1000,1000,2,1,0,0,0.0,1,0,0,0,0,0,0,1,,,0,,0.0,1,
1954,5,808,ns=2;i=808,0,1000,1000,2,1,0,0,0.0,1,0,0,0,0,0,0,1,,,0,,0.0,1,
1955,5,809,ns=2;i=809,0,1000,1000,2,1,0,0,0.0,1,0,0,0,0,0,0,1,,,0,,0.0,1,
1956,5,810,ns=2;i=810,0,1000,1000,2,1,0,0,0.0,1,0,0,0,0,0,0,1,,,0,,0.0,1,
1957,5,811,ns=2;i=811,0,1000,1000,2,1,0,0,0.0,1,0,0,0,0,0,0,1,,,0,,0.0,1,
1958,5,812,ns=2;i=812,0,1000,1000,2,1,0,0,0.0,1,0,0,0,0,0,0,1,,,0,,0.0,1,
1959,5,813,ns=2;i=813,0,1000,1000,2,1,0,0,0.0,1,0,0,0,0,0,0,1,,,0,,0.0,1,
1960,5,814,ns=2;i=814,0,1000,1000,2,1,0,0,0.0,1,0,0,0,0,0,0,1,,,0,,0.0,1,
1961,5,815,ns=2;i=815,0,1000,1000,2,1,0,0,0.0,1,0,0,0,0,0,0,1,,,0,,0.0,1,
1962,5,816,ns=2;i=816,0,1000,1000,2,1,0,0,0.0,1,0,0,0,0,0,0,1,,,0,,0.0,1,
1963,5,817,ns=2;i=817,0,1000,1000,2,1,0,0,0.0,1,0,0,0,0,0,0,1,,,0,,0.0,1,
1964,5,818,ns=2;i=818,0,1000,1000,2,1,0,0,0.0,1,0,0,0,0,0,0,1,,,0,,0.0,1,
1965,5,819,ns=2;i=819,0,1000,1000,2,1,0,0,0.0,1,0,0,0,0,0,0,1,,,0,,0.0,1,
1966,5,820,ns=2;i=820,0,1000,1000,2,1,0,0,0.0,1,0,0,0,0,0,0,1,,,0,,0.0,1,
1967,5,821,ns=2;i=821,0,1000,1000,2,1,0,0,0.0,1,0,0,0,0,0,0,1,,,0,,0.0,1,
1968,5,822,ns=2;i=822,0,1000,1000,2,1,0,0,0.0,1,0,0,0,0,0,0,1,,,0,,0.0,1,
1969,5,823,ns=2;i=823,0,1000,1000,2,1,0,0,0.0,1,0,0,0,0,0,0,1,,,0,,0.0,1,
1970,5,824,ns=2;i=824,0,1000,1000,2,1,0,0,0.0,1,0,0,0,0,0,0,1,,,0,,0.0,1,
1971,5,825,ns=2;i=825,0,1000,1000,2,1,0,0,0.0,1,0,0,0,0,0,0,1,,,0,,0.0,1,
1972,5,826,ns=2;i=826,0,1000,1000,2,1,0,0,0.0,1,0,0,0,0,0,0,1,,,0,,0.0,1,
1973,5,827,ns=2;i=827,0,1000,1000,2,1,0,0,0.0,1,0,0,0,0,0,0,1,,,0,,0.0,1,
1974,5,828,ns=2;i=828,0,1000,1000,2,1,0,0,0.0,1,0,0,0,0,0,0,1,,,0,,0.0,1,
1975,5,829,ns=2;i=829,0,1000,1000,2,1,0,0,0.0,1,0,0,0,0,0,0,1,,,0,,0.0,1,
1976,5,830,ns=2;i=830,0,1000,1000,2,1,0,0,0.0,1,0,0,0,0,0,0,1,,,0,,0.0,1,
1977,5,831,ns=2;i=831,0,1000,1000,2,1,0,0,0.0,1,0,0,0,0,0,0,1,,,0,,0.0,1,
1978,5,832,ns=2;i=832,0,1000,1000,2,1,0,0,0.0,1,0,0,0,0,0,0,1,,,0,,0.0,1,
1979,5,833,ns=2;i=833,0,1000,1000,2,1,0,0,0.0,1,0,0,0,0,0,0,1,,,0,,0.0,1,
1980,5,834,ns=2;i=834,0,1000,1000,2,1,0,0,0.0,1,0,0,0,0,0,0,1,,,0,,0.0,1,
1981,5,835,ns=2;i=835,0,1000,1000,2,1,0,0,0.0,1,0,0,0,0,0,0,1,,,0,,0.0,1,
1982,5,836,ns=2;i=836,0,1000,1000,2,1,0,0,0.0,1,0,0,0,0,0,0,1,,,0,,0.0,1,
1983,5,837,ns=2;i=837,0,1000,1000,2,1,0,0,0.0,1,0,0,0,0,0,0,1,,,0,,0.0,1,
1984,5,838,ns=2;i=838,0,1000,1000,2,1,0,0,0.0,1,0,0,0,0,0,0,1,,,0,,0.0,1,
1985,5,839,ns=2;i=839,0,1000,1000,2,1,0,0,0.0,1,0,0,0,0,0,0,1,,,0,,0.0,1,
1986,5,840,ns=2;i=840,0,1000,1000,2,1,0,0,0.0,1,0,0,0,0,0,0,1,,,0,,0.0,1,
1987,5,841,ns=2;i=841,0,1000,1000,2,1,0,0,0.0,1,0,0,0,0,0,0,1,,,0,,0.0,1,
1988,5,842,ns=2;i=842,0,1000,1000,2,1,0,0,0.0,1,0,0,0,0,0,0,1,,,0,,0.0,1,
1989,5,843,ns=2;i=843,0,1000,1000,2,1,0,0,0.0,1,0,0,0,0,0,0,1,,,0,,0.0,1,
1990,5,844,ns=2;i=844,0,1000,1000,2,1,0,0,0.0,1,0,0,0,0,0,0,1,,,0,,0.0,1,
1991,5,845,ns=2;i=845,0,1000,1000,2,1,0,0,0.0,1,0,0,0,0,0,0,1,,,0,,0.0,1,
1992,5,846,ns=2;i=846,0,1000,1000,2,1,0,0,0.0,1,0,0,0,0,0,0,1,,,0,,0.0,1,
1993,5,847,ns=2;i=847,0,1000,1000,2,1,0,0,0.0,1,0,0,0,0,0,0,1,,,0,,0.0,1,
1994,5,848,ns=2;i=848,0,1000,1000,2,1,0,0,0.0,1,0,0,0,0,0,0,1,,,0,,0.0,1,
1995,5,849,ns=2;i=849,0,1000,1000,2,1,0,0,0.0,1,0,0,0,0,0,0,1,,,0,,0.0,1,
1996,5,850,ns=2;i=850,0,1000,1000,2,1,0,0,0.0,1,0,0,0,0,0,0,1,,,0,,0.0,1,
1997,5,851,ns=2;i=851,0,1000,1000,2,1,0,0,0.0,1,0,0,0,0,0,0,1,,,0,,0.0,1,
1998,5,852,ns=2;i=852,0,1000,1000,2,1,0,0,0.0,1,0,0,0,0,0,0,1,,,0,,0.0,1,
1999,5,853,ns=2;i=853,0,1000,1000,2,1,0,0,0.0,1,0,0,0,0,0,0,1,,,0,,0.0,1,
2000,5,854,ns=2;i=854,0,1000,1000,2,1,0,0,0.0,1,0,0,0,0,0,0,1,,,0,,0.0,1,
2001,5,855,ns=2;i=855,0,1000,1000,2,1,0,0,0.0,1,0,0,0,0,0,0,1,,,0,,0.0,1,
2002,5,856,ns=2;i=856,0,1000,1000,2,1,0,0,0.0,1,0,0,0,0,0,0,1,,,0,,0.0,1,
2003,5,857,ns=2;i=857,0,1000,1000,2,1,0,0,0.0,1,0,0,0,0,0,0,1,,,0,,0.0,1,
2004,5,858,ns=2;i=858,0,1000,1000,2,1,0,0,0.0,1,0,0,0,0,0,0,1,,,0,,0.0,1,
2005,5,859,ns=2;i=859,0,1000,1000,2,1,0,0,0.0,1,0,0,0,0,0,0,1,,,0,,0.0,1,
2006,5,860,ns=2;i=860,0,1000,1000,2,1,0,0,0.0,1,0,0,0,0,0,0,1,,,0,,0.0,1,
2007,5,861,ns=2;i=861,0,1000,1000,2,1,0,0,0.0,1,0,0,0,0,0,0,1,,,0,,0.0,1,
2008,5,862,ns=2;i=862,0,1000,1000,2,1,0,0,0.0,1,0,0,0,0,0,0,1,,,0,,0.0,1,
2009,5,863,ns=2;i=863,0,1000,1000,2,1,0,0,0.0,1,0,0,0,0,0,0,1,,,0,,0.0,1,
2010,5,864,ns=2;i=864,0,1000,1000,2,1,0,0,0.0,1,0,0,0,0,0,0,1,,,0,,0.0,1,
2011,5,865,ns=2;i=865,0,1000,1000,2,1,0,0,0.0,1,0,0,0,0,0,0,1,,,0,,0.0,1,
2012,5,866,ns=2;i=866,0,1000,1000,2,1,0,0,0.0,1,0,0,0,0,0,0,1,,,0,,0.0,1,
2013,5,867,ns=2;i=867,0,1000,1000,2,1,0,0,0.0,1,0,0,0,0,0,0,1,,,0,,0.0,1,
2014,5,868,ns=2;i=868,0,1000,1000,2,1,0,0,0.0,1,0,0,0,0,0,0,1,,,0,,0.0,1,
2015,5,869,ns=2;i=869,0,1000,1000,2,1,0,0,0.0,1,0,0,0,0,0,0,1,,,0,,0.0,1,
2016,5,870,ns=2;i=870,0,1000,1000,2,1,0,0,0.0,1,0,0,0,0,0,0,1,,,0,,0.0,1,
2017,5,871,ns=2;i=871,0,1000,1000,2,1,0,0,0.0,1,0,0,0,0,0,0,1,,,0,,0.0,1,
2018,5,872,ns=2;i=872,0,1000,1000,2,1,0,0,0.0,1,0,0,0,0,0,0,1,,,0,,0.0,1,
2019,5,873,ns=2;i=873,0,1000,1000,2,1,0,0,0.0,1,0,0,0,0,0,0,1,,,0,,0.0,1,
2020,5,874,ns=2;i=874,0,1000,1000,2,1,0,0,0.0,1,0,0,0,0,0,0,1,,,0,,0.0,1,
2021,5,875,ns=2;i=875,0,1000,1000,2,1,0,0,0.0,1,0,0,0,0,0,0,1,,,0,,0.0,1,
2022,5,876,ns=2;i=876,0,1000,1000,2,1,0,0,0.0,1,0,0,0,0,0,0,1,,,0,,0.0,1,
2023,5,877,ns=2;i=877,0,1000,1000,2,1,0,0,0.0,1,0,0,0,0,0,0,1,,,0,,0.0,1,
2024,5,878,ns=2;i=878,0,1000,1000,2,1,0,0,0.0,1,0,0,0,0,0,0,1,,,0,,0.0,1,
2025,5,879,ns=2;i=879,0,1000,1000,2,1,0,0,0.0,1,0,0,0,0,0,0,1,,,0,,0.0,1,
2026,5,880,ns=2;i=880,0,1000,1000,2,1,0,0,0.0,1,0,0,0,0,0,0,1,,,0,,0.0,1,
2027,5,881,ns=2;i=881,0,1000,1000,2,1,0,0,0.0,1,0,0,0,0,0,0,1,,,0,,0.0,1,
2028,5,882,ns=2;i=882,0,1000,1000,2,1,0,0,0.0,1,0,0,0,0,0,0,1,,,0,,0.0,1,
2029,5,883,ns=2;i=883,0,1000,1000,2,1,0,0,0.0,1,0,0,0,0,0,0,1,,,0,,0.0,1,
2030,5,884,ns=2;i=884,0,1000,1000,2,1,0,0,0.0,1,0,0,0,0,0,0,1,,,0,,0.0,1,
2031,5,885,ns=2;i=885,0,1000,1000,2,1,0,0,0.0,1,0,0,0,0,0,0,1,,,0,,0.0,1,
2032,5,886,ns=2;i=886,0,1000,1000,2,1,0,0,0.0,1,0,0,0,0,0,0,1,,,0,,0.0,1,
2033,5,887,ns=2;i=887,0,1000,1000,2,1,0,0,0.0,1,0,0,0,0,0,0,1,,,0,,0.0,1,
2034,5,888,ns=2;i=888,0,1000,1000,2,1,0,0,0.0,1,0,0,0,0,0,0,1,,,0,,0.0,1,
2035,5,889,ns=2;i=889,0,1000,1000,2,1,0,0,0.0,1,0,0,0,0,0,0,1,,,0,,0.0,1,
2036,5,890,ns=2;i=890,0,1000,1000,2,1,0,0,0.0,1,0,0,0,0,0,0,1,,,0,,0.0,1,
2037,5,891,ns=2;i=891,0,1000,1000,2,1,0,0,0.0,1,0,0,0,0,0,0,1,,,0,,0.0,1,
2038,5,892,ns=2;i=892,0,1000,1000,2,1,0,0,0.0,1,0,0,0,0,0,0,1,,,0,,0.0,1,
2039,5,893,ns=2;i=893,0,1000,1000,2,1,0,0,0.0,1,0,0,0,0,0,0,1,,,0,,0.0,1,
2040,5,894,ns=2;i=894,0,1000,1000,2,1,0,0,0.0,1,0,0,0,0,0,0,1,,,0,,0.0,1,
2041,5,895,ns=2;i=895,0,1000,1000,2,1,0,0,0.0,1,0,0,0,0,0,0,1,,,0,,0.0,1,
2042,5,896,ns=2;i=896,0,1000,1000,2,1,0,0,0.0,1,0,0,0,0,0,0,1,,,0,,0.0,1,
2043,5,897,ns=2;i=897,0,1000,1000,2,1,0,0,0.0,1,0,0,0,0,0,0,1,,,0,,0.0,1,
2044,5,898,ns=2;i=898,0,1000,1000,2,1,0,0,0.0,1,0,0,0,0,0,0,1,,,0,,0.0,1,
2045,5,899,ns=2;i=899,0,1000,1000,2,1,0,0,0.0,1,0,0,0,0,0,0,1,,,0,,0.0,1,
2046,5,900,ns=2;i=900,0,1000,1000,2,1,0,0,0.0,1,0,0,0,0,0,0,1,,,0,,0.0,1,
2047,5,901,ns=2;i=901,0,1000,1000,2,1,0,0,0.0,1,0,0,0,0,0,0,1,,,0,,0.0,1,
2048,5,902,ns=2;i=902,0,1000,1000,2,1,0,0,0.0,1,0,0,0,0,0,0,1,,,0,,0.0,1,
2049,5,903,ns=2;i=903,0,1000,1000,2,1,0,0,0.0,1,0,0,0,0,0,0,1,,,0,,0.0,1,
2050,5,904,ns=2;i=904,0,1000,1000,2,1,0,0,0.0,1,0,0,0,0,0,0,1,,,0,,0.0,1,
2051,5,905,ns=2;i=905,0,1000,1000,2,1,0,0,0.0,1,0,0,0,0,0,0,1,,,0,,0.0,1,
2052,5,906,ns=2;i=906,0,1000,1000,2,1,0,0,0.0,1,0,0,0,0,0,0,1,,,0,,0.0,1,
2053,5,907,ns=2;i=907,0,1000,1000,2,1,0,0,0.0,1,0,0,0,0,0,0,1,,,0,,0.0,1,
2054,5,908,ns=2;i=908,0,1000,1000,2,1,0,0,0.0,1,0,0,0,0,0,0,1,,,0,,0.0,1,
2055,5,909,ns=2;i=909,0,1000,1000,2,1,0,0,0.0,1,0,0,0,0,0,0,1,,,0,,0.0,1,
2056,5,910,ns=2;i=910,0,1000,1000,2,1,0,0,0.0,1,0,0,0,0,0,0,1,,,0,,0.0,1,
2057,5,911,ns=2;i=911,0,1000,1000,2,1,0,0,0.0,1,0,0,0,0,0,0,1,,,0,,0.0,1,
2058,5,912,ns=2;i=912,0,1000,1000,2,1,0,0,0.0,1,0,0,0,0,0,0,1,,,0,,0.0,1,
2059,5,913,ns=2;i=913,0,1000,1000,2,1,0,0,0.0,1,0,0,0,0,0,0,1,,,0,,0.0,1,
2060,5,914,ns=2;i=914,0,1000,1000,2,1,0,0,0.0,1,0,0,0,0,0,0,1,,,0,,0.0,1,
2061,5,915,ns=2;i=915,0,1000,1000,2,1,0,0,0.0,1,0,0,0,0,0,0,1,,,0,,0.0,1,
2062,5,916,ns=2;i=916,0,1000,1000,2,1,0,0,0.0,1,0,0,0,0,0,0,1,,,0,,0.0,1,
2063,5,917,ns=2;i=917,0,1000,1000,2,1,0,0,0.0,1,0,0,0,0,0,0,1,,,0,,0.0,1,
2064,5,918,ns=2;i=918,0,1000,1000,2,1,0,0,0.0,1,0,0,0,0,0,0,1,,,0,,0.0,1,
2065,5,919,ns=2;i=919,0,1000,1000,2,1,0,0,0.0,1,0,0,0,0,0,0,1,,,0,,0.0,1,
2066,5,920,ns=2;i=920,0,1000,1000,2,1,0,0,0.0,1,0,0,0,0,0,0,1,,,0,,0.0,1,
2067,5,921,ns=2;i=921,0,1000,1000,2,1,0,0,0.0,1,0,0,0,0,0,0,1,,,0,,0.0,1,
2068,5,922,ns=2;i=922,0,1000,1000,2,1,0,0,0.0,1,0,0,0,0,0,0,1,,,0,,0.0,1,
2069,5,923,ns=2;i=923,0,1000,1000,2,1,0,0,0.0,1,0,0,0,0,0,0,1,,,0,,0.0,1,
2070,5,924,ns=2;i=924,0,1000,1000,2,1,0,0,0.0,1,0,0,0,0,0,0,1,,,0,,0.0,1,
2071,5,925,ns=2;i=925,0,1000,1000,2,1,0,0,0.0,1,0,0,0,0,0,0,1,,,0,,0.0,1,
2072,5,926,ns=2;i=926,0,1000,1000,2,1,0,0,0.0,1,0,0,0,0,0,0,1,,,0,,0.0,1,
2073,5,927,ns=2;i=927,0,1000,1000,2,1,0,0,0.0,1,0,0,0,0,0,0,1,,,0,,0.0,1,
2074,5,928,ns=2;i=928,0,1000,1000,2,1,0,0,0.0,1,0,0,0,0,0,0,1,,,0,,0.0,1,
2075,5,929,ns=2;i=929,0,1000,1000,2,1,0,0,0.0,1,0,0,0,0,0,0,1,,,0,,0.0,1,
2076,5,930,ns=2;i=930,0,1000,1000,2,1,0,0,0.0,1,0,0,0,0,0,0,1,,,0,,0.0,1,
2077,5,931,ns=2;i=931,0,1000,1000,2,1,0,0,0.0,1,0,0,0,0,0,0,1,,,0,,0.0,1,
2078,5,932,ns=2;i=932,0,1000,1000,2,1,0,0,0.0,1,0,0,0,0,0,0,1,,,0,,0.0,1,
2079,5,933,ns=2;i=933,0,1000,1000,2,1,0,0,0.0,1,0,0,0,0,0,0,1,,,0,,0.0,1,
2080,5,934,ns=2;i=934,0,1000,1000,2,1,0,0,0.0,1,0,0,0,0,0,0,1,,,0,,0.0,1,
2081,5,935,ns=2;i=935,0,1000,1000,2,1,0,0,0.0,1,0,0,0,0,0,0,1,,,0,,0.0,1,
2082,5,936,ns=2;i=936,0,1000,1000,2,1,0,0,0.0,1,0,0,0,0,0,0,1,,,0,,0.0,1,
2083,5,937,ns=2;i=937,0,1000,1000,2,1,0,0,0.0,1,0,0,0,0,0,0,1,,,0,,0.0,1,
2084,5,938,ns=2;i=938,0,1000,1000,2,1,0,0,0.0,1,0,0,0,0,0,0,1,,,0,,0.0,1,
2085,5,939,ns=2;i=939,0,1000,1000,2,1,0,0,0.0,1,0,0,0,0,0,0,1,,,0,,0.0,1,
2086,5,940,ns=2;i=940,0,1000,1000,2,1,0,0,0.0,1,0,0,0,0,0,0,1,,,0,,0.0,1,
2087,5,941,ns=2;i=941,0,1000,1000,2,1,0,0,0.0,1,0,0,0,0,0,0,1,,,0,,0.0,1,
2088,5,942,ns=2;i=942,0,1000,1000,2,1,0,0,0.0,1,0,0,0,0,0,0,1,,,0,,0.0,1,
2089,5,943,ns=2;i=943,0,1000,1000,2,1,0,0,0.0,1,0,0,0,0,0,0,1,,,0,,0.0,1,
2090,5,944,ns=2;i=944,0,1000,1000,2,1,0,0,0.0,1,0,0,0,0,0,0,1,,,0,,0.0,1,
2091,5,945,ns=2;i=945,0,1000,1000,2,1,0,0,0.0,1,0,0,0,0,0,0,1,,,0,,0.0,1,
2092,5,946,ns=2;i=946,0,1000,1000,2,1,0,0,0.0,1,0,0,0,0,0,0,1,,,0,,0.0,1,
2093,5,947,ns=2;i=947,0,1000,1000,2,1,0,0,0.0,1,0,0,0,0,0,0,1,,,0,,0.0,1,
2094,5,948,ns=2;i=948,0,1000,1000,2,1,0,0,0.0,1,0,0,0,0,0,0,1,,,0,,0.0,1,
2095,5,949,ns=2;i=949,0,1000,1000,2,1,0,0,0.0,1,0,0,0,0,0,0,1,,,0,,0.0,1,
2096,5,950,ns=2;i=950,0,1000,1000,2,1,0,0,0.0,1,0,0,0,0,0,0,1,,,0,,0.0,1,
2097,5,951,ns=2;i=951,0,1000,1000,2,1,0,0,0.0,1,0,0,0,0,0,0,1,,,0,,0.0,1,
2098,5,952,ns=2;i=952,0,1000,1000,2,1,0,0,0.0,1,0,0,0,0,0,0,1,,,0,,0.0,1,
2099,5,953,ns=2;i=953,0,1000,1000,2,1,0,0,0.0,1,0,0,0,0,0,0,1,,,0,,0.0,1,
2100,5,954,ns=2;i=954,0,1000,1000,2,1,0,0,0.0,1,0,0,0,0,0,0,1,,,0,,0.0,1,
2101,5,955,ns=2;i=955,0,1000,1000,2,1,0,0,0.0,1,0,0,0,0,0,0,1,,,0,,0.0,1,
2102,5,956,ns=2;i=956,0,1000,1000,2,1,0,0,0.0,1,0,0,0,0,0,0,1,,,0,,0.0,1,
2103,5,957,ns=2;i=957,0,1000,1000,2,1,0,0,0.0,1,0,0,0,0,0,0,1,,,0,,0.0,1,
2104,5,958,ns=2;i=958,0,1000,1000,2,1,0,0,0.0,1,0,0,0,0,0,0,1,,,0,,0.0,1,
2105,5,959,ns=2;i=959,0,1000,1000,2,1,0,0,0.0,1,0,0,0,0,0,0,1,,,0,,0.0,1,
2106,5,960,ns=2;i=960,0,1000,1000,2,1,0,0,0.0,1,0,0,0,0,0,0,1,,,0,,0.0,1,
2107,5,961,ns=2;i=961,0,1000,1000,2,1,0,0,0.0,1,0,0,0,0,0,0,1,,,0,,0.0,1,
2108,5,962,ns=2;i=962,0,1000,1000,2,1,0,0,0.0,1,0,0,0,0,0,0,1,,,0,,0.0,1,
2109,5,963,ns=2;i=963,0,1000,1000,2,1,0,0,0.0,1,0,0,0,0,0,0,1,,,0,,0.0,1,
2110,5,964,ns=2;i=964,0,1000,1000,2,1,0,0,0.0,1,0,0,0,0,0,0,1,,,0,,0.0,1,
2111,5,965,ns=2;i=965,0,1000,1000,2,1,0,0,0.0,1,0,0,0,0,0,0,1,,,0,,0.0,1,
2112,5,966,ns=2;i=966,0,1000,1000,2,1,0,0,0.0,1,0,0,0,0,0,0,1,,,0,,0.0,1,
2113,5,967,ns=2;i=967,0,1000,1000,2,1,0,0,0.0,1,0,0,0,0,0,0,1,,,0,,0.0,1,
2114,5,968,ns=2;i=968,0,1000,1000,2,1,0,0,0.0,1,0,0,0,0,0,0,1,,,0,,0.0,1,
2115,5,969,ns=2;i=969,0,1000,1000,2,1,0,0,0.0,1,0,0,0,0,0,0,1,,,0,,0.0,1,
2116,5,970,ns=2;i=970,0,1000,1000,2,1,0,0,0.0,1,0,0,0,0,0,0,1,,,0,,0.0,1,
2117,5,971,ns=2;i=971,0,1000,1000,2,1,0,0,0.0,1,0,0,0,0,0,0,1,,,0,,0.0,1,
2118,5,972,ns=2;i=972,0,1000,1000,2,1,0,0,0.0,1,0,0,0,0,0,0,1,,,0,,0.0,1,
2119,5,973,ns=2;i=973,0,1000,1000,2,1,0,0,0.0,1,0,0,0,0,0,0,1,,,0,,0.0,1,
2120,5,974,ns=2;i=974,0,1000,1000,2,1,0,0,0.0,1,0,0,0,0,0,0,1,,,0,,0.0,1,
2121,5,975,ns=2;i=975,0,1000,1000,2,1,0,0,0.0,1,0,0,0,0,0,0,1,,,0,,0.0,1,
2122,5,976,ns=2;i=976,0,1000,1000,2,1,0,0,0.0,1,0,0,0,0,0,0,1,,,0,,0.0,1,
2123,5,977,ns=2;i=977,0,1000,1000,2,1,0,0,0.0,1,0,0,0,0,0,0,1,,,0,,0.0,1,
2124,5,978,ns=2;i=978,0,1000,1000,2,1,0,0,0.0,1,0,0,0,0,0,0,1,,,0,,0.0,1,
2125,5,979,ns=2;i=979,0,1000,1000,2,1,0,0,0.0,1,0,0,0,0,0,0,1,,,0,,0.0,1,
2126,5,980,ns=2;i=980,0,1000,1000,2,1,0,0,0.0,1,0,0,0,0,0,0,1,,,0,,0.0,1,
2127,5,981,ns=2;i=981,0,1000,1000,2,1,0,0,0.0,1,0,0,0,0,0,0,1,,,0,,0.0,1,
2128,5,982,ns=2;i=982,0,1000,1000,2,1,0,0,0.0,1,0,0,0,0,0,0,1,,,0,,0.0,1,
2129,5,983,ns=2;i=983,0,1000,1000,2,1,0,0,0.0,1,0,0,0,0,0,0,1,,,0,,0.0,1,
2130,5,984,ns=2;i=984,0,1000,1000,2,1,0,0,0.0,1,0,0,0,0,0,0,1,,,0,,0.0,1,
2131,5,985,ns=2;i=985,0,1000,1000,2,1,0,0,0.0,1,0,0,0,0,0,0,1,,,0,,0.0,1,
2132,5,986,ns=2;i=986,0,1000,1000,2,1,0,0,0.0,1,0,0,0,0,0,0,1,,,0,,0.0,1,
2133,5,987,ns=2;i=987,0,1000,1000,2,1,0,0,0.0,1,0,0,0,0,0,0,1,,,0,,0.0,1,
2134,5,988,ns=2;i=988,0,1000,1000,2,1,0,0,0.0,1,0,0,0,0,0,0,1,,,0,,0.0,1,
2135,5,989,ns=2;i=989,0,1000,1000,2,1,0,0,0.0,1,0,0,0,0,0,0,1,,,0,,0.0,1,
2136,5,990,ns=2;i=990,0,1000,1000,2,1,0,0,0.0,1,0,0,0,0,0,0,1,,,0,,0.0,1,
2137,5,991,ns=2;i=991,0,1000,1000,2,1,0,0,0.0,1,0,0,0,0,0,0,1,,,0,,0.0,1,
2138,5,992,ns=2;i=992,0,1000,1000,2,1,0,0,0.0,1,0,0,0,0,0,0,1,,,0,,0.0,1,
2139,5,993,ns=2;i=993,0,1000,1000,2,1,0,0,0.0,1,0,0,0,0,0,0,1,,,0,,0.0,1,
2140,5,994,ns=2;i=994,0,1000,1000,2,1,0,0,0.0,1,0,0,0,0,0,0,1,,,0,,0.0,1,
2141,5,995,ns=2;i=995,0,1000,1000,2,1,0,0,0.0,1,0,0,0,0,0,0,1,,,0,,0.0,1,
2142,5,996,ns=2;i=996,0,1000,1000,2,1,0,0,0.0,1,0,0,0,0,0,0,1,,,0,,0.0,1,
2143,5,997,ns=2;i=997,0,1000,1000,2,1,0,0,0.0,1,0,0,0,0,0,0,1,,,0,,0.0,1,
2144,5,998,ns=2;i=998,0,1000,1000,2,1,0,0,0.0,1,0,0,0,0,0,0,1,,,0,,0.0,1,
2145,5,999,ns=2;i=999,0,1000,1000,2,1,0,0,0.0,1,0,0,0,0,0,0,1,,,0,,0.0,1,
2146,11,Boolean,ns=2;s=Demo.Dynamic.Arrays.Boolean,0,1000,1000,2,1,0,0,0.0,1,0,0,0,0,0,0,1,,,0,,0.0,0,
2147,11,Byte,ns=2;s=Demo.Dynamic.Arrays.Byte,0,1000,1000,2,1,0,0,0.0,1,0,0,0,0,0,0,1,,,0,,0.0,0,
2148,11,ByteString,ns=2;s=Demo.Dynamic.Arrays.ByteString,0,1000,1000,2,1,0,0,0.0,1,0,0,0,0,0,0,1,,,0,,0.0,0,
2149,11,DateTime,ns=2;s=Demo.Dynamic.Arrays.DateTime,0,1000,1000,2,1,0,0,0.0,1,0,0,0,0,0,0,1,,,0,,0.0,0,
2150,11,Double,ns=2;s=Demo.Dynamic.Arrays.Double,0,1000,1000,2,1,0,0,0.0,1,0,0,0,0,0,0,1,,,0,,0.0,0,
2151,11,ExpandedNodeId,ns=2;s=Demo.Dynamic.Arrays.ExpandedNodeId,0,1000,1000,2,1,0,0,0.0,1,0,0,0,0,0,0,1,,,0,,0.0,0,
2152,11,Float,ns=2;s=Demo.Dynamic.Arrays.Float,0,1000,1000,2,1,0,0,0.0,1,0,0,0,0,0,0,1,,,0,,0.0,0,
2153,11,Guid,ns=2;s=Demo.Dynamic.Arrays.Guid,0,1000,1000,2,1,0,0,0.0,1,0,0,0,0,0,0,1,,,0,,0.0,0,
2154,11,Int16,ns=2;s=Demo.Dynamic.Arrays.Int16,0,1000,1000,2,1,0,0,0.0,1,0,0,0,0,0,0,1,,,0,,0.0,0,
2155,11,Int32,ns=2;s=Demo.Dynamic.Arrays.Int32,0,1000,1000,2,1,0,0,0.0,1,0,0,0,0,0,0,1,,,0,,0.0,0,
2156,11,Int64,ns=2;s=Demo.Dynamic.Arrays.Int64,0,1000,1000,2,1,0,0,0.0,1,0,0,0,0,0,0,1,,,0,,0.0,0,
2157,11,LocalizedText,ns=2;s=Demo.Dynamic.Arrays.LocalizedText,0,1000,1000,2,1,0,0,0.0,1,0,0,0,0,0,0,1,,,0,,0.0,0,
2158,11,NodeId,ns=2;s=Demo.Dynamic.Arrays.NodeId,0,1000,1000,2,1,0,0,0.0,1,0,0,0,0,0,0,1,,,0,,0.0,0,
2159,11,QualifiedName,ns=2;s=Demo.Dynamic.Arrays.QualifiedName,0,1000,1000,2,1,0,0,0.0,1,0,0,0,0,0,0,1,,,0,,0.0,0,
2160,11,SByte,ns=2;s=Demo.Dynamic.Arrays.SByte,0,1000,1000,2,1,0,0,0.0,1,0,0,0,0,0,0,1,,,0,,0.0,0,
2161,11,StatusCode,ns=2;s=Demo.Dynamic.Arrays.StatusCode,0,1000,1000,2,1,0,0,0.0,1,0,0,0,0,0,0,1,,,0,,0.0,0,
2162,11,String,ns=2;s=Demo.Dynamic.Arrays.String,0,1000,1000,2,1,0,0,0.0,1,0,0,0,0,0,0,1,,,0,,0.0,0,
2163,11,UInt16,ns=2;s=Demo.Dynamic.Arrays.UInt16,0,1000,1000,2,1,0,0,0.0,1,0,0,0,0,0,0,1,,,0,,0.0,0,
2164,11,UInt32,ns=2;s=Demo.Dynamic.Arrays.UInt32,0,1000,1000,2,1,0,0,0.0,1,0,0,0,0,0,0,1,,,0,,0.0,0,
2165,11,UInt64,ns=2;s=Demo.Dynamic.Arrays.UInt64,0,1000,1000,2,1,0,0,0.0,1,0,0,0,0,0,0,1,,,0,,0.0,0,
2166,11,XmlElement,ns=2;s=Demo.Dynamic.Arrays.XmlElement,0,1000,1000,2,1,0,0,0.0,1,0,0,0,0,0,0,1,,,0,,0.0,0,
2167,11,Boolean,ns=2;s=Demo.Dynamic.Scalar.Boolean,0,1000,1000,2,1,0,0,0.0,1,0,0,0,0,0,0,1,,,0,,0.0,0,
2168,11,Byte,ns=2;s=Demo.Dynamic.Scalar.Byte,0,1000,1000,2,1,0,0,0.0,1,0,0,0,0,0,0,1,,,0,,0.0,0,
2169,11,ByteString,ns=2;s=Demo.Dynamic.Scalar.ByteString,0,1000,1000,2,1,0,0,0.0,1,0,0,0,0,0,0,1,,,0,,0.0,0,
2170,11,DateTime,ns=2;s=Demo.Dynamic.Scalar.DateTime,0,1000,1000,2,1,0,0,0.0,1,0,0,0,0,0,0,1,,,0,,0.0,0,
2171,11,Double,ns=2;s=Demo.Dynamic.Scalar.Double,0,1000,1000,2,1,0,0,0.0,1,0,0,0,0,0,0,1,,,0,,0.0,0,
2172,11,ExpandedNodeId,ns=2;s=Demo.Dynamic.Scalar.ExpandedNodeId,0,1000,1000,2,1,0,0,0.0,1,0,0,0,0,0,0,1,,,0,,0.0,0,
2173,11,Float,ns=2;s=Demo.Dynamic.Scalar.Float,0,1000,1000,2,1,0,0,0.0,1,0,0,0,0,0,0,1,,,0,,0.0,0,
2174,11,Guid,ns=2;s=Demo.Dynamic.Scalar.Guid,0,1000,1000,2,1,0,0,0.0,1,0,0,0,0,0,0,1,,,0,,0.0,0,
2175,11,ImageGIF,ns=2;s=Demo.Dynamic.Scalar.ImageGIF,0,1000,1000,2,1,0,0,0.0,1,0,0,0,0,0,0,1,,,0,,0.0,0,
2176,11,Int16,ns=2;s=Demo.Dynamic.Scalar.Int16,0,1000,1000,2,1,0,0,0.0,1,0,0,0,0,0,0,1,,,0,,0.0,0,
2177,11,Int32,ns=2;s=Demo.Dynamic.Scalar.Int32,0,1000,1000,2,1,0,0,0.0,1,0,0,0,0,0,0,1,,,0,,0.0,0,
2178,11,Int64,ns=2;s=Demo.Dynamic.Scalar.Int64,0,1000,1000,2,1,0,0,0.0,1,0,0,0,0,0,0,1,,,0,,0.0,0,
2179,11,LocalizedText,ns=2;s=Demo.Dynamic.Scalar.LocalizedText,0,1000,1000,2,1,0,0,0.0,1,0,0,0,0,0,0,1,,,0,,0.0,0,
2180,11,NodeId,ns=2;s=Demo.Dynamic.Scalar.NodeId,0,1000,1000,2,1,0,0,0.0,1,0,0,0,0,0,0,1,,,0,,0.0,0,
2181,11,QualifiedName,ns=2;s=Demo.Dynamic.Scalar.QualifiedName,0,1000,1000,2,1,0,0,0.0,1,0,0,0,0,0,0,1,,,0,,0.0,0,
2182,11,Quality_DynamicValue,ns=2;s=Demo.Dynamic.Scalar.Quality_DynamicValue,0,1000,1000,2,1,0,0,0.0,1,0,0,0,0,0,0,1,,,0,,0.0,0,
2183,11,Quality_StaticValue,ns=2;s=Demo.Dynamic.Scalar.Quality_StaticValue,0,1000,1000,2,1,0,0,0.0,1,0,0,0,0,0,0,1,,,0,,0.0,0,
2184,11,SByte,ns=2;s=Demo.Dynamic.Scalar.SByte,0,1000,1000,2,1,0,0,0.0,1,0,0,0,0,0,0,1,,,0,,0.0,0,
2185,11,StatusCode,ns=2;s=Demo.Dynamic.Scalar.StatusCode,0,1000,1000,2,1,0,0,0.0,1,0,0,0,0,0,0,1,,,0,,0.0,0,
2186,11,String,ns=2;s=Demo.Dynamic.Scalar.String,0,1000,1000,2,1,0,0,0.0,1,0,0,0,0,0,0,1,,,0,,0.0,0,
2187,11,UInt16,ns=2;s=Demo.Dynamic.Scalar.UInt16,0,1000,1000,2,1,0,0,0.0,1,0,0,0,0,0,0,1,,,0,,0.0,0,
2188,11,UInt32,ns=2;s=Demo.Dynamic.Scalar.UInt32,0,1000,1000,2,1,0,0,0.0,1,0,0,0,0,0,0,1,,,0,,0.0,0,
2189,11,UInt64,ns=2;s=Demo.Dynamic.Scalar.UInt64,0,1000,1000,2,1,0,0,0.0,1,0,0,0,0,0,0,1,,,0,,0.0,0,
2190,11,XmlElement,ns=2;s=Demo.Dynamic.Scalar.XmlElement,0,1000,1000,2,1,0,0,0.0,1,0,0,0,0,0,0,1,,,0,,0.0,0,
2191,11,BaseDataType,ns=2;s=Demo.Static.Arrays.BaseDataType,0,1000,1000,2,1,0,0,0.0,1,0,0,0,0,0,0,1,,,0,,0.0,0,
2192,11,Boolean,ns=2;s=Demo.Static.Arrays.Boolean,0,1000,1000,2,1,0,0,0.0,1,0,0,0,0,0,0,1,,,0,,0.0,0,
2193,11,Byte,ns=2;s=Demo.Static.Arrays.Byte,0,1000,1000,2,1,0,0,0.0,1,0,0,0,0,0,0,1,,,0,,0.0,0,
2194,11,ByteString,ns=2;s=Demo.Static.Arrays.ByteString,0,1000,1000,2,1,0,0,0.0,1,0,0,0,0,0,0,1,,,0,,0.0,0,
2195,11,DateTime,ns=2;s=Demo.Static.Arrays.DateTime,0,1000,1000,2,1,0,0,0.0,1,0,0,0,0,0,0,1,,,0,,0.0,0,
2196,11,Double,ns=2;s=Demo.Static.Arrays.Double,0,1000,1000,2,1,0,0,0.0,1,0,0,0,0,0,0,1,,,0,,0.0,0,
2197,11,Duration,ns=2;s=Demo.Static.Arrays.Duration,0,1000,1000,2,1,0,0,0.0,1,0,0,0,0,0,0,1,,,0,,0.0,0,
2198,11,ExpandedNodeId,ns=2;s=Demo.Static.Arrays.ExpandedNodeId,0,1000,1000,2,1,0,0,0.0,1,0,0,0,0,0,0,1,,,0,,0.0,0,
2199,11,Float,ns=2;s=Demo.Static.Arrays.Float,0,1000,1000,2,1,0,0,0.0,1,0,0,0,0,0,0,1,,,0,,0.0,0,
2200,11,Guid,ns=2;s=Demo.Static.Arrays.Guid,0,1000,1000,2,1,0,0,0.0,1,0,0,0,0,0,0,1,,,0,,0.0,0,
2201,11,ImagePNG,ns=2;s=Demo.Static.Arrays.ImagePNG,0,1000,1000,2,1,0,0,0.0,1,0,0,0,0,0,0,1,,,0,,0.0,0,
2202,11,Int16,ns=2;s=Demo.Static.Arrays.Int16,0,1000,1000,2,1,0,0,0.0,1,0,0,0,0,0,0,1,,,0,,0.0,0,
2203,11,Int32,ns=2;s=Demo.Static.Arrays.Int32,0,1000,1000,2,1,0,0,0.0,1,0,0,0,0,0,0,1,,,0,,0.0,0,
2204,11,Int64,ns=2;s=Demo.Static.Arrays.Int64,0,1000,1000,2,1,0,0,0.0,1,0,0,0,0,0,0,1,,,0,,0.0,0,
2205,11,Integer,ns=2;s=Demo.Static.Arrays.Integer,0,1000,1000,2,1,0,0,0.0,1,0,0,0,0,0,0,1,,,0,,0.0,0,
2206,11,LocalizedText,ns=2;s=Demo.Static.Arrays.LocalizedText,0,1000,1000,2,1,0,0,0.0,1,0,0,0,0,0,0,1,,,0,,0.0,0,
2207,11,NodeId,ns=2;s=Demo.Static.Arrays.NodeId,0,1000,1000,2,1,0,0,0.0,1,0,0,0,0,0,0,1,,,0,,0.0,0,
2208,11,Number,ns=2;s=Demo.Static.Arrays.Number,0,1000,1000,2,1,0,0,0.0,1,0,0,0,0,0,0,1,,,0,,0.0,0,
2209,11,NumericRange,ns=2;s=Demo.Static.Arrays.NumericRange,0,1000,1000,2,1,0,0,0.0,1,0,0,0,0,0,0,1,,,0,,0.0,0,
2210,11,QualifiedName,ns=2;s=Demo.Static.Arrays.QualifiedName,0,1000,1000,2,1,0,0,0.0,1,0,0,0,0,0,0,1,,,0,,0.0,0,
2211,11,SByte,ns=2;s=Demo.Static.Arrays.SByte,0,1000,1000,2,1,0,0,0.0,1,0,0,0,0,0,0,1,,,0,,0.0,0,
2212,11,ServerState,ns=2;s=Demo.Static.Arrays.ServerState,0,1000,1000,2,1,0,0,0.0,1,0,0,0,0,0,0,1,,,0,,0.0,0,
2213,11,StatusCode,ns=2;s=Demo.Static.Arrays.StatusCode,0,1000,1000,2,1,0,0,0.0,1,0,0,0,0,0,0,1,,,0,,0.0,0,
2214,11,String,ns=2;s=Demo.Static.Arrays.String,0,1000,1000,2,1,0,0,0.0,1,0,0,0,0,0,0,1,,,0,,0.0,0,
2215,11,Structure,ns=2;s=Demo.Static.Arrays.Structure,0,1000,1000,2,1,0,0,0.0,1,0,0,0,0,0,0,1,,,0,,0.0,0,
2216,11,UInt16,ns=2;s=Demo.Static.Arrays.UInt16,0,1000,1000,2,1,0,0,0.0,1,0,0,0,0,0,0,1,,,0,,0.0,0,
2217,11,UInt32,ns=2;s=Demo.Static.Arrays.UInt32,0,1000,1000,2,1,0,0,0.0,1,0,0,0,0,0,0,1,,,0,,0.0,0,
2218,11,UInt64,ns=2;s=Demo.Static.Arrays.UInt64,0,1000,1000,2,1,0,0,0.0,1,0,0,0,0,0,0,1,,,0,,0.0,0,
2219,11,UInteger,ns=2;s=Demo.Static.Arrays.UInteger,0,1000,1000,2,1,0,0,0.0,1,0,0,0,0,0,0,1,,,0,,0.0,0,
2220,11,UtcTime,ns=2;s=Demo.Static.Arrays.UtcTime,0,1000,1000,2,1,0,0,0.0,1,0,0,0,0,0,0,1,,,0,,0.0,0,
2221,11,Vector,ns=2;s=Demo.Static.Arrays.Vector,0,1000,1000,2,1,0,0,0.0,1,0,0,0,0,0,0,1,,,0,,0.0,0,
2222,11,WorkOrder,ns=2;s=Demo.Static.Arrays.WorkOrder,0,1000,1000,2,1,0,0,0.0,1,0,0,0,0,0,0,1,,,0,,0.0,0,
2223,11,XmlElement,ns=2;s=Demo.Static.Arrays.XmlElement,0,1000,1000,2,1,0,0,0.0,1,0,0,0,0,0,0,1,,,0,,0.0,0,
2224,11,AnalogMeasurement,ns=2;s=Demo.Static.Arrays.AnalogMeasurement,0,1000,1000,2,1,0,0,0.0,1,0,0,0,0,0,0,1,,,0,,0.0,0,
2225,11,BaseDataType,ns=2;s=Demo.Static.Scalar.BaseDataType,0,1000,1000,2,1,0,0,0.0,1,0,0,0,0,0,0,1,,,0,,0.0,0,
2226,11,Boolean,ns=2;s=Demo.Static.Scalar.Boolean,0,1000,1000,2,1,0,0,0.0,1,0,0,0,0,0,0,1,,,0,,0.0,0,
2227,11,Byte,ns=2;s=Demo.Static.Scalar.Byte,0,1000,1000,2,1,0,0,0.0,1,0,0,0,0,0,0,1,,,0,,0.0,0,
2228,11,ByteString,ns=2;s=Demo.Static.Scalar.ByteString,0,1000,1000,2,1,0,0,0.0,1,0,0,0,0,0,0,1,,,0,,0.0,0,
2229,11,DateTime,ns=2;s=Demo.Static.Scalar.DateTime,0,1000,1000,2,1,0,0,0.0,1,0,0,0,0,0,0,1,,,0,,0.0,0,
2230,11,Double,ns=2;s=Demo.Static.Scalar.Double,0,1000,1000,2,1,0,0,0.0,1,0,0,0,0,0,0,1,,,0,,0.0,0,
2231,11,Duration,ns=2;s=Demo.Static.Scalar.Duration,0,1000,1000,2,1,0,0,0.0,1,0,0,0,0,0,0,1,,,0,,0.0,0,
2232,11,ExpandedNodeId,ns=2;s=Demo.Static.Scalar.ExpandedNodeId,0,1000,1000,2,1,0,0,0.0,1,0,0,0,0,0,0,1,,,0,,0.0,0,
2233,11,Float,ns=2;s=Demo.Static.Scalar.Float,0,1000,1000,2,1,0,0,0.0,1,0,0,0,0,0,0,1,,,0,,0.0,0,
2234,11,Guid,ns=2;s=Demo.Static.Scalar.Guid,0,1000,1000,2,1,0,0,0.0,1,0,0,0,0,0,0,1,,,0,,0.0,0,
2235,11,HeaterStatus,ns=2;s=Demo.Static.Scalar.HeaterStatus,0,1000,1000,2,1,0,0,0.0,1,0,0,0,0,0,0,1,,,0,,0.0,0,
2236,11,ImagePNG,ns=2;s=Demo.Static.Scalar.ImagePNG,0,1000,1000,2,1,0,0,0.0,1,0,0,0,0,0,0,1,,,0,,0.0,0,
2237,11,Int16,ns=2;s=Demo.Static.Scalar.Int16,0,1000,1000,2,1,0,0,0.0,1,0,0,0,0,0,0,1,,,0,,0.0,0,
2238,11,Int32,ns=2;s=Demo.Static.Scalar.Int32,0,1000,1000,2,1,0,0,0.0,1,0,0,0,0,0,0,1,,,0,,0.0,0,
2239,11,Int64,ns=2;s=Demo.Static.Scalar.Int64,0,1000,1000,2,1,0,0,0.0,1,0,0,0,0,0,0,1,,,0,,0.0,0,
2240,11,Integer,ns=2;s=Demo.Static.Scalar.Integer,0,1000,1000,2,1,0,0,0.0,1,0,0,0,0,0,0,1,,,0,,0.0,0,
2241,11,LocalizedText,ns=2;s=Demo.Static.Scalar.LocalizedText,0,1000,1000,2,1,0,0,0.0,1,0,0,0,0,0,0,1,,,0,,0.0,0,
2242,11,NodeId,ns=2;s=Demo.Static.Scalar.NodeId,0,1000,1000,2,1,0,0,0.0,1,0,0,0,0,0,0,1,,,0,,0.0,0,
2243,11,Number,ns=2;s=Demo.Static.Scalar.Number,0,1000,1000,2,1,0,0,0.0,1,0,0,0,0,0,0,1,,,0,,0.0,0,
2244,11,NumericRange,ns=2;s=Demo.Static.Scalar.NumericRange,0,1000,1000,2,1,0,0,0.0,1,0,0,0,0,0,0,1,,,0,,0.0,0,
2245,11,Priority,ns=2;s=Demo.Static.Scalar.Priority,0,1000,1000,2,1,0,0,0.0,1,0,0,0,0,0,0,1,,,0,,0.0,0,
2246,11,QualifiedName,ns=2;s=Demo.Static.Scalar.QualifiedName,0,1000,1000,2,1,0,0,0.0,1,0,0,0,0,0,0,1,,,0,,0.0,0,
2247,11,SByte,ns=2;s=Demo.Static.Scalar.SByte,0,1000,1000,2,1,0,0,0.0,1,0,0,0,0,0,0,1,,,0,,0.0,0,
2248,11,ServerState,ns=2;s=Demo.Static.Scalar.ServerState,0,1000,1000,2,1,0,0,0.0,1,0,0,0,0,0,0,1,,,0,,0.0,0,
2249,11,StatusCode,ns=2;s=Demo.Static.Scalar.StatusCode,0,1000,1000,2,1,0,0,0.0,1,0,0,0,0,0,0,1,,,0,,0.0,0,
2250,11,String,ns=2;s=Demo.Static.Scalar.String,0,1000,1000,2,1,0,0,0.0,1,0,0,0,0,0,0,1,,,0,,0.0,0,
2251,11,UInt16,ns=2;s=Demo.Static.Scalar.UInt16,0,1000,1000,2,1,0,0,0.0,1,0,0,0,0,0,0,1,,,0,,0.0,0,
2252,11,UInt32,ns=2;s=Demo.Static.Scalar.UInt32,0,1000,1000,2,1,0,0,0.0,1,0,0,0,0,0,0,1,,,0,,0.0,0,
2253,11,UInt64,ns=2;s=Demo.Static.Scalar.UInt64,0,1000,1000,2,1,0,0,0.0,1,0,0,0,0,0,0,1,,,0,,0.0,0,
2254,11,UInteger,ns=2;s=Demo.Static.Scalar.UInteger,0,1000,1000,2,1,0,0,0.0,1,0,0,0,0,0,0,1,,,0,,0.0,0,
2255,11,UtcTime,ns=2;s=Demo.Static.Scalar.UtcTime,0,1000,1000,2,1,0,0,0.0,1,0,0,0,0,0,0,1,,,0,,0.0,0,
2256,11,XmlElement,ns=2;s=Demo.Static.Scalar.XmlElement,0,1000,1000,2,1,0,0,0.0,1,0,0,0,0,0,0,1,,,0,,0.0,0,
2265,13,Byte,ns=2;s=Demo.Dynamic.Scalar.Byte,0,1000,1000,2,1,0,1,5.0,1,0,0,0,0,0,0,1,,,0,,1000.0,1,
2266,13,Byte,ns=2;s=Demo.Static.Scalar.Byte,0,1000,1000,2,1,0,2,5.0,1,0,0,0,0,0,0,1,,,0,,1000.0,1,
2267,10,Temperature,ns=2;s=Demo.Dynamic.Scalar.Byte,0,1000,1000,2,1,0,0,0.0,1,0,0,0,0,0,0,1,,,0,,0.0,1,
2268,10,Variable0000,ns=2;s=Demo.Massfolder_Dynamic.Variable0000,0,1000,1000,2,1,0,0,0.0,1,0,0,0,0,0,0,1,,,0,,0.0,1,
4006,1,Variable0006,ns=2;s=Demo.Massfolder_Dynamic.Variable0006,0,1000,1000,2,t,0,0,0.0,1,t,f,0,0,0,0,1,,,0,,0.0,1,
